{
    "CanvasBitbltOperations": {
        "mid_ms": 0.079448,
        "avg_ms": 0.08027274,
        "min_ms": 0.07895699,
        "max_ms": 0.08055
    },
    "CanvasCreateAllFormats": {
        "mid_ms": 2.86023249,
        "avg_ms": 2.85482385,
        "min_ms": 2.81421199,
        "max_ms": 2.880125
    },
    "CanvasCreateCompatible": {
        "mid_ms": 1.36183699,
        "avg_ms": 1.36546233,
        "min_ms": 1.34850699,
        "max_ms": 1.38197999
    },
    "CanvasCreateDestroy": {
        "mid_ms": 0.26131148,
        "avg_ms": 0.26331364,
        "min_ms": 0.25751998,
        "max_ms": 0.271376
    },
    "CanvasCreateFromCanvas": {
        "mid_ms": 1.2121,
        "avg_ms": 1.21401845,
        "min_ms": 1.208288,
        "max_ms": 1.220661
    },
    "CanvasCreateFromMask": {
        "mid_ms": 0.2255445,
        "avg_ms": 0.22802292,
        "min_ms": 0.22330499,
        "max_ms": 0.23546799
    },
    "CanvasCreateWithData": {
        "mid_ms": 2.37849,
        "avg_ms": 2.38384658,
        "min_ms": 2.36562598,
        "max_ms": 2.39492
    },
    "CanvasErrorHandling": {
        "mid_ms": 0.45091899,
        "avg_ms": 0.45577023,
        "min_ms": 0.45012699,
        "max_ms": 0.46064699
    },
    "CanvasMaskOperations": {
        "mid_ms": 0.2070085,
        "avg_ms": 0.21000325,
        "min_ms": 0.206748,
        "max_ms": 0.218681
    },
    "CanvasPropertyOperations": {
        "mid_ms": 1.1485375,
        "avg_ms": 1.15099011,
        "min_ms": 1.14768,
        "max_ms": 1.155726
    },
    "CanvasReferenceOperations": {
        "mid_ms": 0.87265199,
        "avg_ms": 0.87320092,
        "min_ms": 0.863996,
        "max_ms": 0.87499599
    },
    "CanvasReplaceData": {
        "mid_ms": 0.02669049,
        "avg_ms": 0.02693273,
        "min_ms": 0.02664999,
        "max_ms": 0.026851
    },
    "CanvasStressTest": {
        "mid_ms": 2.13103549,
        "avg_ms": 2.14168168,
        "min_ms": 2.06660799,
        "max_ms": 2.228063
    }
}