{
    "CanvasBitbltOperations": {
        "mid_ms": 0.079448,
        "avg_ms": 0.08027274,
        "min_ms": 0.07895699,
        "max_ms": 0.08055
    },
    "CanvasCreateAllFormats": {
        "mid_ms": 2.960301,
        "avg_ms": 2.96930993,
        "min_ms": 2.90898,
        "max_ms": 3.004578
    },
    "CanvasCreateCompatible": {
        "mid_ms": 1.363089,
        "avg_ms": 1.36603738,
        "min_ms": 1.35205399,
        "max_ms": 1.384396
    },
    "CanvasCreateDestroy": {
        "mid_ms": 0.26813,
        "avg_ms": 0.27096209,
        "min_ms": 0.26662799,
        "max_ms": 0.27842999
    },
    "CanvasCreateFromCanvas": {
        "mid_ms": 1.2121,
        "avg_ms": 1.21401845,
        "min_ms": 1.208288,
        "max_ms": 1.220661
    },
    "CanvasCreateFromMask": {
        "mid_ms": 0.23325099,
        "avg_ms": 0.23535486,
        "min_ms": 0.23105699,
        "max_ms": 0.24321099
    },
    "CanvasCreateWithData": {
        "mid_ms": 2.43315099,
        "avg_ms": 2.436446,
        "min_ms": 2.40603299,
        "max_ms": 2.447172
    },
    "CanvasErrorHandling": {
        "mid_ms": 0.451106,
        "avg_ms": 0.45572455,
        "min_ms": 0.450225,
        "max_ms": 0.462217
    },
    "CanvasMaskOperations": {
        "mid_ms": 0.2070085,
        "avg_ms": 0.21000325,
        "min_ms": 0.206748,
        "max_ms": 0.218681
    },
    "CanvasPropertyOperations": {
        "mid_ms": 1.1485375,
        "avg_ms": 1.15099011,
        "min_ms": 1.14768,
        "max_ms": 1.155726
    },
    "CanvasReferenceOperations": {
        "mid_ms": 0.87299999,
        "avg_ms": 0.87287423,
        "min_ms": 0.86399299,
        "max_ms": 0.875194
    },
    "CanvasReplaceData": {
        "mid_ms": 0.02669049,
        "avg_ms": 0.02693273,
        "min_ms": 0.02664999,
        "max_ms": 0.026851
    },
    "CanvasStressTest": {
        "mid_ms": 2.13103549,
        "avg_ms": 2.14168168,
        "min_ms": 2.06660799,
        "max_ms": 2.228063
    }
}