{
	"CanvasBitbltOperations":	{
		"mid_ms":	0.0680375,
		"avg_ms":	0.06807852,
		"min_ms":	0.06734199,
		"max_ms":	0.069445,
		"std_dev":	0.00045901,
		"cv":	0.00674247,
		"iterations":	500,
		"total_time_ms":	3574.588767
	},
	"CanvasCreateAllFormats":	{
		"mid_ms":	2.36461599,
		"avg_ms":	2.36273283,
		"min_ms":	2.303664,
		"max_ms":	2.422063,
		"std_dev":	0.03295096,
		"cv":	0.01394612,
		"iterations":	239,
		"total_time_ms":	2289.205548
	},
	"CanvasCreateCompatible":	{
		"mid_ms":	1.0641405,
		"avg_ms":	1.06491884,
		"min_ms":	1.060014,
		"max_ms":	1.07456599,
		"std_dev":	0.00355642,
		"cv":	0.00333962,
		"iterations":	348,
		"total_time_ms":	2826.38946199
	},
	"CanvasCreateDestroy":	{
		"mid_ms":	0.211493,
		"avg_ms":	0.21224174,
		"min_ms":	0.20618999,
		"max_ms":	0.22201399,
		"std_dev":	0.0049228,
		"cv":	0.02319446,
		"iterations":	500,
		"total_time_ms":	3578.823021
	},
	"CanvasCreateFromCanvas":	{
		"mid_ms":	1.00060399,
		"avg_ms":	1.00020154,
		"min_ms":	0.99376399,
		"max_ms":	1.00696399,
		"std_dev":	0.0030401,
		"cv":	0.00303949,
		"iterations":	369,
		"total_time_ms":	2960.04984
	},
	"CanvasCreateFromMask":	{
		"mid_ms":	0.18277499,
		"avg_ms":	0.18481689,
		"min_ms":	0.18125199,
		"max_ms":	0.19597499,
		"std_dev":	0.00457463,
		"cv":	0.02475225,
		"iterations":	500,
		"total_time_ms":	3563.266294
	},
	"CanvasCreateWithData":	{
		"mid_ms":	2.02180999,
		"avg_ms":	2.02148753,
		"min_ms":	2.000439,
		"max_ms":	2.046968,
		"std_dev":	0.01330621,
		"cv":	0.00658238,
		"iterations":	260,
		"total_time_ms":	2387.56716099
	},
	"CanvasErrorHandling":	{
		"mid_ms":	0.496897,
		"avg_ms":	0.49496552,
		"min_ms":	0.48829399,
		"max_ms":	0.50333699,
		"std_dev":	0.00582825,
		"cv":	0.01177507,
		"iterations":	500,
		"total_time_ms":	3721.923943
	},
	"CanvasMaskOperations":	{
		"mid_ms":	0.2458395,
		"avg_ms":	0.24840759,
		"min_ms":	0.24503899,
		"max_ms":	0.25827899,
		"std_dev":	0.00488532,
		"cv":	0.01966657,
		"iterations":	500,
		"total_time_ms":	3594.41532099
	},
	"CanvasPropertyOperations":	{
		"mid_ms":	1.30085599,
		"avg_ms":	1.30289514,
		"min_ms":	1.29811298,
		"max_ms":	1.312714,
		"std_dev":	0.00416188,
		"cv":	0.00319435,
		"iterations":	377,
		"total_time_ms":	3256.829937
	},
	"CanvasReferenceOperations":	{
		"mid_ms":	1.022657,
		"avg_ms":	1.02313916,
		"min_ms":	1.02117598,
		"max_ms":	1.02834699,
		"std_dev":	0.0016227,
		"cv":	0.001586,
		"iterations":	421,
		"total_time_ms":	3375.892151
	},
	"CanvasReplaceData":	{
		"mid_ms":	0.030937,
		"avg_ms":	0.03095461,
		"min_ms":	0.03050599,
		"max_ms":	0.03184799,
		"std_dev":	0.00030249,
		"cv":	0.00977258,
		"iterations":	500,
		"total_time_ms":	3505.974837
	},
	"CanvasStressTest":	{
		"mid_ms":	2.321251,
		"avg_ms":	2.32156552,
		"min_ms":	2.288041,
		"max_ms":	2.36702,
		"std_dev":	0.01998014,
		"cv":	0.00860632,
		"iterations":	237,
		"total_time_ms":	2287.81848999
	}
}