{
    "CirclesDrawing": {
        "mid_ms": 2.37699749,
        "avg_ms": 2.37646569,
        "min_ms": 2.37138799,
        "max_ms": 2.380965
    },
    "GradientShapes": {
        "mid_ms": 3.51703549,
        "avg_ms": 3.52453079,
        "min_ms": 3.513935,
        "max_ms": 3.53939199
    },
    "ImagesWithClipping": {
        "mid_ms": 5.1205925,
        "avg_ms": 5.1323949,
        "min_ms": 5.11667,
        "max_ms": 5.14835
    },
    "RectanglesDrawing": {
        "mid_ms": 1.14326899,
        "avg_ms": 1.14564669,
        "min_ms": 1.14112598,
        "max_ms": 1.153699
    },
    "ShapesWithStateManagement": {
        "mid_ms": 2.701803,
        "avg_ms": 2.7035345,
        "min_ms": 2.69289499,
        "max_ms": 2.71161
    },
    "StarPathsImageFill": {
        "mid_ms": 12.19563099,
        "avg_ms": 12.19929679,
        "min_ms": 12.171811,
        "max_ms": 12.225742
    }
}