{
	"CirclesDrawing":	{
		"mid_ms":	2.26884749,
		"avg_ms":	2.26214437,
		"min_ms":	2.20357399,
		"max_ms":	2.31914699,
		"std_dev":	0.03883202,
		"cv":	0.01716602,
		"iterations":	10,
		"total_time_ms":	136.886568
	},
	"GradientShapes":	{
		"mid_ms":	3.54105999,
		"avg_ms":	3.54205762,
		"min_ms":	3.528626,
		"max_ms":	3.558451,
		"std_dev":	0.00982279,
		"cv":	0.00277318,
		"iterations":	10,
		"total_time_ms":	156.04417699
	},
	"ImagesWithClipping":	{
		"mid_ms":	5.40420699,
		"avg_ms":	5.40446837,
		"min_ms":	5.389234,
		"max_ms":	5.422584,
		"std_dev":	0.01186541,
		"cv":	0.00219548,
		"iterations":	10,
		"total_time_ms":	184.543745
	},
	"RectanglesDrawing":	{
		"mid_ms":	1.1365395,
		"avg_ms":	1.13836825,
		"min_ms":	1.132263,
		"max_ms":	1.15603799,
		"std_dev":	0.0072375,
		"cv":	0.00635778,
		"iterations":	10,
		"total_time_ms":	119.849088
	},
	"ShapesWithStateManagement":	{
		"mid_ms":	2.90961549,
		"avg_ms":	2.91054287,
		"min_ms":	2.893722,
		"max_ms":	2.92612999,
		"std_dev":	0.01041542,
		"cv":	0.00357851,
		"iterations":	10,
		"total_time_ms":	146.234165
	},
	"StarPathsImageFill":	{
		"mid_ms":	13.130225,
		"avg_ms":	13.13668237,
		"min_ms":	13.09930899,
		"max_ms":	13.19692499,
		"std_dev":	0.03150213,
		"cv":	0.00239801,
		"iterations":	10,
		"total_time_ms":	300.75657499
	}
}