{
    "ContextCanvasFormatOperations": {
        "mid_ms": 1.21853099,
        "avg_ms": 1.22177821,
        "min_ms": 1.21756899,
        "max_ms": 1.22740798
    },
    "ContextCanvasOperations": {
        "mid_ms": 2.05286199,
        "avg_ms": 2.05610423,
        "min_ms": 2.05124899,
        "max_ms": 2.06278
    },
    "ContextCreateWithShared": {
        "mid_ms": 2.340058,
        "avg_ms": 2.34635134,
        "min_ms": 2.329078,
        "max_ms": 2.35795199
    },
    "ContextErrorHandling": {
        "mid_ms": 0.24050899,
        "avg_ms": 0.24317934,
        "min_ms": 0.240488,
        "max_ms": 0.25034699
    },
    "ContextMultipleCreate": {
        "mid_ms": 3.05776199,
        "avg_ms": 3.0697155,
        "min_ms": 3.04243799,
        "max_ms": 3.09009699
    },
    "ContextMultipleReferences": {
        "mid_ms": 0.31839447,
        "avg_ms": 0.320324,
        "min_ms": 0.31521299,
        "max_ms": 0.328418
    },
    "ContextReferenceOperations": {
        "mid_ms": 0.9039145,
        "avg_ms": 0.90499285,
        "min_ms": 0.90280799,
        "max_ms": 0.90700599
    },
    "ContextSharedResourceChain": {
        "mid_ms": 0.52123799,
        "avg_ms": 0.51777184,
        "min_ms": 0.51178499,
        "max_ms": 0.522506
    },
    "ContextStateOperations": {
        "mid_ms": 1.9916415,
        "avg_ms": 1.9967327,
        "min_ms": 1.990319,
        "max_ms": 2.00412499
    },
    "ContextStressTest": {
        "mid_ms": 1.4699775,
        "avg_ms": 1.48298148,
        "min_ms": 1.45276,
        "max_ms": 1.508827
    },
    "ContextWithDataCanvas": {
        "mid_ms": 1.4949295,
        "avg_ms": 1.49838381,
        "min_ms": 1.48744099,
        "max_ms": 1.51083499
    }
}