{
    "ContextCanvasFormatOperations": {
        "mid_ms": 1.21853099,
        "avg_ms": 1.22177821,
        "min_ms": 1.21756899,
        "max_ms": 1.22740798
    },
    "ContextCanvasOperations": {
        "mid_ms": 2.05286199,
        "avg_ms": 2.05610423,
        "min_ms": 2.05124899,
        "max_ms": 2.06278
    },
    "ContextCreateWithShared": {
        "mid_ms": 2.2588825,
        "avg_ms": 2.26541571,
        "min_ms": 2.253317,
        "max_ms": 2.27719199
    },
    "ContextErrorHandling": {
        "mid_ms": 0.24049799,
        "avg_ms": 0.24319406,
        "min_ms": 0.240477,
        "max_ms": 0.250215
    },
    "ContextMultipleCreate": {
        "mid_ms": 2.93629999,
        "avg_ms": 2.94071989,
        "min_ms": 2.919969,
        "max_ms": 2.961797
    },
    "ContextMultipleReferences": {
        "mid_ms": 0.3114405,
        "avg_ms": 0.31547742,
        "min_ms": 0.31002797,
        "max_ms": 0.323653
    },
    "ContextReferenceOperations": {
        "mid_ms": 0.903721,
        "avg_ms": 0.90478638,
        "min_ms": 0.902238,
        "max_ms": 0.90750799
    },
    "ContextSharedResourceChain": {
        "mid_ms": 0.517768,
        "avg_ms": 0.51445911,
        "min_ms": 0.50869599,
        "max_ms": 0.51929599
    },
    "ContextStateOperations": {
        "mid_ms": 1.99135249,
        "avg_ms": 1.99431141,
        "min_ms": 1.98996499,
        "max_ms": 2.00452199
    },
    "ContextStressTest": {
        "mid_ms": 1.4699775,
        "avg_ms": 1.48298148,
        "min_ms": 1.45276,
        "max_ms": 1.508827
    },
    "ContextWithDataCanvas": {
        "mid_ms": 1.4949295,
        "avg_ms": 1.49838381,
        "min_ms": 1.48744099,
        "max_ms": 1.51083499
    }
}