{
	"ContextCanvasFormatOperations":	{
		"mid_ms":	1.4413975,
		"avg_ms":	1.43976496,
		"min_ms":	1.43305499,
		"max_ms":	1.44971999,
		"std_dev":	0.0047727,
		"cv":	0.00331492,
		"iterations":	366,
		"total_time_ms":	3141.39802199
	},
	"ContextCanvasOperations":	{
		"mid_ms":	2.42757099,
		"avg_ms":	2.42781292,
		"min_ms":	2.40906199,
		"max_ms":	2.43973798,
		"std_dev":	0.00696492,
		"cv":	0.0028688,
		"iterations":	281,
		"total_time_ms":	2698.17842299
	},
	"ContextCreateWithShared":	{
		"mid_ms":	2.30276299,
		"avg_ms":	2.30293516,
		"min_ms":	2.29298799,
		"max_ms":	2.31735399,
		"std_dev":	0.00625748,
		"cv":	0.00271717,
		"iterations":	275,
		"total_time_ms":	2608.042974
	},
	"ContextErrorHandling":	{
		"mid_ms":	0.26241399,
		"avg_ms":	0.26505983,
		"min_ms":	0.261764,
		"max_ms":	0.275084,
		"std_dev":	0.0049562,
		"cv":	0.01869842,
		"iterations":	500,
		"total_time_ms":	3605.48480099
	},
	"ContextMultipleCreate":	{
		"mid_ms":	2.70815199,
		"avg_ms":	2.70837694,
		"min_ms":	2.69076699,
		"max_ms":	2.734302,
		"std_dev":	0.01047116,
		"cv":	0.00386621,
		"iterations":	219,
		"total_time_ms":	2187.15060598
	},
	"ContextMultipleReferences":	{
		"mid_ms":	0.290252,
		"avg_ms":	0.29269539,
		"min_ms":	0.28793299,
		"max_ms":	0.30254499,
		"std_dev":	0.00489847,
		"cv":	0.01673573,
		"iterations":	500,
		"total_time_ms":	3627.64793999
	},
	"ContextReferenceOperations":	{
		"mid_ms":	0.987074,
		"avg_ms":	0.98062128,
		"min_ms":	0.952533,
		"max_ms":	0.99159199,
		"std_dev":	0.01346167,
		"cv":	0.01372769,
		"iterations":	415,
		"total_time_ms":	3317.948107
	},
	"ContextSharedResourceChain":	{
		"mid_ms":	0.58312699,
		"avg_ms":	0.57918371,
		"min_ms":	0.57184999,
		"max_ms":	0.58637198,
		"std_dev":	0.00582758,
		"cv":	0.01006171,
		"iterations":	495,
		"total_time_ms":	3731.2675
	},
	"ContextStateOperations":	{
		"mid_ms":	2.077514,
		"avg_ms":	2.0806736,
		"min_ms":	2.07394899,
		"max_ms":	2.11038299,
		"std_dev":	0.00832713,
		"cv":	0.0040021,
		"iterations":	286,
		"total_time_ms":	2682.187591
	},
	"ContextStressTest":	{
		"mid_ms":	2.0026015,
		"avg_ms":	2.00787205,
		"min_ms":	1.92706799,
		"max_ms":	2.11892599,
		"std_dev":	0.04746663,
		"cv":	0.02364026,
		"iterations":	290,
		"total_time_ms":	2950.686052
	},
	"ContextWithDataCanvas":	{
		"mid_ms":	1.48518299,
		"avg_ms":	1.48567578,
		"min_ms":	1.472223,
		"max_ms":	1.504292,
		"std_dev":	0.00765844,
		"cv":	0.00515485,
		"iterations":	348,
		"total_time_ms":	2972.90063
	},
	"CoordinateConversionRoundTrip":	{
		"mid_ms":	0.38483399,
		"avg_ms":	0.38945263,
		"min_ms":	0.38417799,
		"max_ms":	0.397598,
		"std_dev":	0.00575079,
		"cv":	0.01476636,
		"iterations":	500,
		"total_time_ms":	3668.618915
	},
	"CoordinateConversionWithTransform":	{
		"mid_ms":	0.39329649,
		"avg_ms":	0.39358461,
		"min_ms":	0.384348,
		"max_ms":	0.40525,
		"std_dev":	0.00630051,
		"cv":	0.01600803,
		"iterations":	500,
		"total_time_ms":	3674.795606
	},
	"GetMatrix":	{
		"mid_ms":	0.709367,
		"avg_ms":	0.70703045,
		"min_ms":	0.69761899,
		"max_ms":	0.71328299,
		"std_dev":	0.0051016,
		"cv":	0.00721554,
		"iterations":	469,
		"total_time_ms":	3594.28011399
	},
	"GetPath":	{
		"mid_ms":	0.1232605,
		"avg_ms":	0.12368234,
		"min_ms":	0.12292499,
		"max_ms":	0.13452299,
		"std_dev":	0.00191007,
		"cv":	0.01544341,
		"iterations":	500,
		"total_time_ms":	3530.221447
	},
	"MatrixGetSetOperations":	{
		"mid_ms":	1.02342899,
		"avg_ms":	1.02544762,
		"min_ms":	1.02183599,
		"max_ms":	1.040084,
		"std_dev":	0.00440758,
		"cv":	0.0042982,
		"iterations":	410,
		"total_time_ms":	3296.54282399
	},
	"SetMatrix":	{
		"mid_ms":	0.69160999,
		"avg_ms":	0.68962314,
		"min_ms":	0.68003299,
		"max_ms":	0.69525499,
		"std_dev":	0.00484938,
		"cv":	0.00703194,
		"iterations":	473,
		"total_time_ms":	3617.04150299
	},
	"ViewportToWorld":	{
		"mid_ms":	0.436626,
		"avg_ms":	0.44051214,
		"min_ms":	0.43104899,
		"max_ms":	0.44971599,
		"std_dev":	0.00586308,
		"cv":	0.0133097,
		"iterations":	500,
		"total_time_ms":	3923.89270199
	},
	"WorldToViewport":	{
		"mid_ms":	0.384558,
		"avg_ms":	0.38817709,
		"min_ms":	0.37922,
		"max_ms":	0.397107,
		"std_dev":	0.00556041,
		"cv":	0.01432442,
		"iterations":	500,
		"total_time_ms":	3667.656136
	}
}