{
	"ContextCanvasFormatOperations":	{
		"mid_ms":	1.2438014999958114,
		"avg_ms":	1.2474846350013991,
		"min_ms":	1.2422490000005837,
		"max_ms":	1.2516360000063287
	},
	"ContextCanvasOperations":	{
		"mid_ms":	2.0528619999993225,
		"avg_ms":	2.0561042399999963,
		"min_ms":	2.0512489999759964,
		"max_ms":	2.0627800000170282
	},
	"ContextCreateWithShared":	{
		"mid_ms":	2.340058000001477,
		"avg_ms":	2.3463513450002438,
		"min_ms":	2.3290780000024824,
		"max_ms":	2.357951999982788
	},
	"ContextErrorHandling":	{
		"mid_ms":	0.24050899997973829,
		"avg_ms":	0.243179344999902,
		"min_ms":	0.24048800000286974,
		"max_ms":	0.25034699999082477
	},
	"ContextMultipleCreate":	{
		"mid_ms":	3.1318209999966484,
		"avg_ms":	3.1370470049996868,
		"min_ms":	3.1202440000015486,
		"max_ms":	3.147875999985672
	},
	"ContextMultipleReferences":	{
		"mid_ms":	0.32848300000409836,
		"avg_ms":	0.330650575000817,
		"min_ms":	0.32375399999295951,
		"max_ms":	0.3385210000033112
	},
	"ContextReferenceOperations":	{
		"mid_ms":	0.903977500001929,
		"avg_ms":	0.90368209500084618,
		"min_ms":	0.902695000007725,
		"max_ms":	0.90590100001008977
	},
	"ContextSharedResourceChain":	{
		"mid_ms":	0.521237999990376,
		"avg_ms":	0.517771840000023,
		"min_ms":	0.51178499998627558,
		"max_ms":	0.52250600001002567
	},
	"ContextStateOperations":	{
		"mid_ms":	1.9923739999967438,
		"avg_ms":	1.9945154600013382,
		"min_ms":	1.9909170000005361,
		"max_ms":	2.0015959999852839
	},
	"ContextStressTest":	{
		"mid_ms":	1.5061065000168128,
		"avg_ms":	1.51159943499934,
		"min_ms":	1.4944799999909719,
		"max_ms":	1.53227999999217
	},
	"ContextWithDataCanvas":	{
		"mid_ms":	1.5860554999989063,
		"avg_ms":	1.587524435000347,
		"min_ms":	1.5732170000148926,
		"max_ms":	1.6032730000006268
	}
}