{
    "ContextCanvasFormatOperations": {
        "mid_ms": 1.21853099,
        "avg_ms": 1.22177821,
        "min_ms": 1.21756899,
        "max_ms": 1.22740798
    },
    "ContextCanvasOperations": {
        "mid_ms": 2.05286199,
        "avg_ms": 2.05610423,
        "min_ms": 2.05124899,
        "max_ms": 2.06278
    },
    "ContextCreateWithShared": {
        "mid_ms": 2.2588825,
        "avg_ms": 2.26541571,
        "min_ms": 2.253317,
        "max_ms": 2.27719199
    },
    "ContextErrorHandling": {
        "mid_ms": 0.24050899,
        "avg_ms": 0.24317934,
        "min_ms": 0.240488,
        "max_ms": 0.25034699
    },
    "ContextMultipleCreate": {
        "mid_ms": 2.93629999,
        "avg_ms": 2.94071989,
        "min_ms": 2.919969,
        "max_ms": 2.961797
    },
    "ContextMultipleReferences": {
        "mid_ms": 0.3114405,
        "avg_ms": 0.31547742,
        "min_ms": 0.31002797,
        "max_ms": 0.323653
    },
    "ContextReferenceOperations": {
        "mid_ms": 0.9039145,
        "avg_ms": 0.90499285,
        "min_ms": 0.90280799,
        "max_ms": 0.90700599
    },
    "ContextSharedResourceChain": {
        "mid_ms": 0.51849599,
        "avg_ms": 0.51729768,
        "min_ms": 0.508778,
        "max_ms": 0.52046899
    },
    "ContextStateOperations": {
        "mid_ms": 1.9916415,
        "avg_ms": 1.9967327,
        "min_ms": 1.990319,
        "max_ms": 2.00412499
    },
    "ContextStressTest": {
        "mid_ms": 1.4699775,
        "avg_ms": 1.48298148,
        "min_ms": 1.45276,
        "max_ms": 1.508827
    },
    "ContextWithDataCanvas": {
        "mid_ms": 1.4949295,
        "avg_ms": 1.49838381,
        "min_ms": 1.48744099,
        "max_ms": 1.51083499
    }
}