{
    "FontCharsetOperations": {
        "mid_ms": 0.231341,
        "avg_ms": 0.23459649,
        "min_ms": 0.231301,
        "max_ms": 0.24234199
    },
    "FontComplexPropertyOperations": {
        "mid_ms": 0.2717,
        "avg_ms": 0.27537046,
        "min_ms": 0.27152999,
        "max_ms": 0.28280097
    },
    "FontContextOperations": {
        "mid_ms": 20.88624198,
        "avg_ms": 20.88575689,
        "min_ms": 20.66994199,
        "max_ms": 21.041249
    },
    "FontCreateAllCharsets": {
        "mid_ms": 0.30344049,
        "avg_ms": 0.30800315,
        "min_ms": 0.30265399,
        "max_ms": 0.31385399
    },
    "FontCreateAllWeights": {
        "mid_ms": 0.30585448,
        "avg_ms": 0.31049734,
        "min_ms": 0.30566897,
        "max_ms": 0.31683
    },
    "FontCreateCopy": {
        "mid_ms": 0.151457,
        "avg_ms": 0.15364913,
        "min_ms": 0.15136199,
        "max_ms": 0.16234199
    },
    "FontCreateDestroy": {
        "mid_ms": 0.30894898,
        "avg_ms": 0.31204247,
        "min_ms": 0.30572297,
        "max_ms": 0.32059199
    },
    "FontCreateDifferentSizes": {
        "mid_ms": 0.30706699,
        "avg_ms": 0.31161523,
        "min_ms": 0.30679099,
        "max_ms": 0.318533
    },
    "FontCreateItalicVariants": {
        "mid_ms": 0.3031585,
        "avg_ms": 0.30684007,
        "min_ms": 0.302728,
        "max_ms": 0.31478099
    },
    "FontErrorHandling": {
        "mid_ms": 0.49401,
        "avg_ms": 0.49355172,
        "min_ms": 0.487608,
        "max_ms": 0.49926999
    },
    "FontFamilyVariations": {
        "mid_ms": 0.310016,
        "avg_ms": 0.31462999,
        "min_ms": 0.309581,
        "max_ms": 0.321814
    },
    "FontFlipOperations": {
        "mid_ms": 0.231334,
        "avg_ms": 0.23475858,
        "min_ms": 0.231254,
        "max_ms": 0.242775
    },
    "FontHintOperations": {
        "mid_ms": 0.23134399,
        "avg_ms": 0.23439041,
        "min_ms": 0.23125299,
        "max_ms": 0.24229499
    },
    "FontItalicOperations": {
        "mid_ms": 0.231344,
        "avg_ms": 0.23483892,
        "min_ms": 0.231244,
        "max_ms": 0.243366
    },
    "FontMultipleReferences": {
        "mid_ms": 0.048139,
        "avg_ms": 0.04885006,
        "min_ms": 0.048059,
        "max_ms": 0.04848
    },
    "FontReferenceOperations": {
        "mid_ms": 0.9042295,
        "avg_ms": 0.90469,
        "min_ms": 0.902511,
        "max_ms": 0.90724999
    },
    "FontReusePerformance": {
        "mid_ms": 0.27477499,
        "avg_ms": 0.27824069,
        "min_ms": 0.27468599,
        "max_ms": 0.286537
    },
    "FontSizeOperations": {
        "mid_ms": 0.24699999,
        "avg_ms": 0.25045368,
        "min_ms": 0.24696,
        "max_ms": 0.258752
    },
    "FontStressTest": {
        "mid_ms": 0.980459,
        "avg_ms": 0.98215112,
        "min_ms": 0.97614099,
        "max_ms": 0.990198
    },
    "FontWeightOperations": {
        "mid_ms": 0.11584599,
        "avg_ms": 0.11729796,
        "min_ms": 0.115805,
        "max_ms": 0.125935
    }
}