{
	"FontCharsetOperations":	{
		"mid_ms":	0.2620445,
		"avg_ms":	0.26484775,
		"min_ms":	0.26167399,
		"max_ms":	0.27443299,
		"std_dev":	0.00493016,
		"cv":	0.01861509,
		"iterations":	500,
		"total_time_ms":	3643.78239899
	},
	"FontComplexPropertyOperations":	{
		"mid_ms":	0.30743199,
		"avg_ms":	0.31047291,
		"min_ms":	0.304458,
		"max_ms":	0.319631,
		"std_dev":	0.00500673,
		"cv":	0.01612614,
		"iterations":	500,
		"total_time_ms":	3631.86279
	},
	"FontContextOperations":	{
		"mid_ms":	19.5661215,
		"avg_ms":	19.6808319,
		"min_ms":	19.42329798,
		"max_ms":	20.138043,
		"std_dev":	0.25756943,
		"cv":	0.01308732,
		"iterations":	44,
		"total_time_ms":	1313.97116798
	},
	"FontCreateAllCharsets":	{
		"mid_ms":	0.32095749,
		"avg_ms":	0.32425021,
		"min_ms":	0.31939999,
		"max_ms":	0.333562,
		"std_dev":	0.00529995,
		"cv":	0.01634524,
		"iterations":	500,
		"total_time_ms":	3633.164065
	},
	"FontCreateAllWeights":	{
		"mid_ms":	0.32521899,
		"avg_ms":	0.32878909,
		"min_ms":	0.32437799,
		"max_ms":	0.338269,
		"std_dev":	0.00539731,
		"cv":	0.01641574,
		"iterations":	500,
		"total_time_ms":	3644.41695599
	},
	"FontCreateCopy":	{
		"mid_ms":	0.158778,
		"avg_ms":	0.15982987,
		"min_ms":	0.158168,
		"max_ms":	0.170957,
		"std_dev":	0.00318528,
		"cv":	0.01992924,
		"iterations":	500,
		"total_time_ms":	3552.01118299
	},
	"FontCreateDestroy":	{
		"mid_ms":	0.32264499,
		"avg_ms":	0.32634513,
		"min_ms":	0.32178399,
		"max_ms":	0.335445,
		"std_dev":	0.00541251,
		"cv":	0.01658524,
		"iterations":	500,
		"total_time_ms":	3638.90564899
	},
	"FontCreateDifferentSizes":	{
		"mid_ms":	0.32391699,
		"avg_ms":	0.32726002,
		"min_ms":	0.32333699,
		"max_ms":	0.33651599,
		"std_dev":	0.00525332,
		"cv":	0.01605245,
		"iterations":	500,
		"total_time_ms":	3676.176077
	},
	"FontCreateItalicVariants":	{
		"mid_ms":	0.31766799,
		"avg_ms":	0.32092955,
		"min_ms":	0.316977,
		"max_ms":	0.33054699,
		"std_dev":	0.00523294,
		"cv":	0.01630556,
		"iterations":	500,
		"total_time_ms":	3705.26552
	},
	"FontErrorHandling":	{
		"mid_ms":	0.50747799,
		"avg_ms":	0.50548542,
		"min_ms":	0.49862,
		"max_ms":	0.513111,
		"std_dev":	0.00574883,
		"cv":	0.01137289,
		"iterations":	500,
		"total_time_ms":	3729.61439799
	},
	"FontFamilyVariations":	{
		"mid_ms":	0.329671,
		"avg_ms":	0.33246115,
		"min_ms":	0.32778299,
		"max_ms":	0.34168399,
		"std_dev":	0.00527696,
		"cv":	0.01587243,
		"iterations":	500,
		"total_time_ms":	3642.75969499
	},
	"FontFlipOperations":	{
		"mid_ms":	0.27935999,
		"avg_ms":	0.27878987,
		"min_ms":	0.261974,
		"max_ms":	0.291639,
		"std_dev":	0.00802407,
		"cv":	0.02878191,
		"iterations":	500,
		"total_time_ms":	3635.113719
	},
	"FontHintOperations":	{
		"mid_ms":	0.261954,
		"avg_ms":	0.2644028,
		"min_ms":	0.26166299,
		"max_ms":	0.274112,
		"std_dev":	0.00464368,
		"cv":	0.01756292,
		"iterations":	500,
		"total_time_ms":	3642.221302
	},
	"FontItalicOperations":	{
		"mid_ms":	0.27919,
		"avg_ms":	0.27793667,
		"min_ms":	0.262094,
		"max_ms":	0.291167,
		"std_dev":	0.00694937,
		"cv":	0.02500346,
		"iterations":	500,
		"total_time_ms":	3662.456663
	},
	"FontMultipleReferences":	{
		"mid_ms":	0.05281,
		"avg_ms":	0.05285956,
		"min_ms":	0.05227899,
		"max_ms":	0.05386099,
		"std_dev":	0.00032159,
		"cv":	0.00608388,
		"iterations":	500,
		"total_time_ms":	3564.66670599
	},
	"FontReferenceOperations":	{
		"mid_ms":	0.987365,
		"avg_ms":	0.9851855,
		"min_ms":	0.953263,
		"max_ms":	0.99097999,
		"std_dev":	0.00822719,
		"cv":	0.0083509,
		"iterations":	415,
		"total_time_ms":	3346.02357599
	},
	"FontReusePerformance":	{
		"mid_ms":	0.306916,
		"avg_ms":	0.30822233,
		"min_ms":	0.303626,
		"max_ms":	0.31826899,
		"std_dev":	0.00502477,
		"cv":	0.01630242,
		"iterations":	500,
		"total_time_ms":	3628.64844099
	},
	"FontSizeOperations":	{
		"mid_ms":	0.27905899,
		"avg_ms":	0.27479825,
		"min_ms":	0.261904,
		"max_ms":	0.291348,
		"std_dev":	0.00934338,
		"cv":	0.03400087,
		"iterations":	500,
		"total_time_ms":	3717.373079
	},
	"FontStressTest":	{
		"mid_ms":	1.096509,
		"avg_ms":	1.09432507,
		"min_ms":	1.07975399,
		"max_ms":	1.116679,
		"std_dev":	0.01033094,
		"cv":	0.00944046,
		"iterations":	394,
		"total_time_ms":	3199.048145
	},
	"FontWeightOperations":	{
		"mid_ms":	0.140061,
		"avg_ms":	0.1404028,
		"min_ms":	0.1398,
		"max_ms":	0.151458,
		"std_dev":	0.00171961,
		"cv":	0.01224775,
		"iterations":	500,
		"total_time_ms":	3598.27175899
	}
}