{
    "FontCharsetOperations": {
        "mid_ms": 0.23126,
        "avg_ms": 0.23453013,
        "min_ms": 0.23124,
        "max_ms": 0.24155899
    },
    "FontComplexPropertyOperations": {
        "mid_ms": 0.2717,
        "avg_ms": 0.27537046,
        "min_ms": 0.27152999,
        "max_ms": 0.28280097
    },
    "FontContextOperations": {
        "mid_ms": 20.4297,
        "avg_ms": 20.56006929,
        "min_ms": 20.21399999,
        "max_ms": 20.798998
    },
    "FontCreateAllCharsets": {
        "mid_ms": 0.3026125,
        "avg_ms": 0.30624757,
        "min_ms": 0.30255199,
        "max_ms": 0.31235099
    },
    "FontCreateAllWeights": {
        "mid_ms": 0.30493799,
        "avg_ms": 0.30920202,
        "min_ms": 0.304857,
        "max_ms": 0.314675
    },
    "FontCreateCopy": {
        "mid_ms": 0.15139199,
        "avg_ms": 0.15337255,
        "min_ms": 0.15133199,
        "max_ms": 0.16083898
    },
    "FontCreateDestroy": {
        "mid_ms": 0.30572349,
        "avg_ms": 0.30911232,
        "min_ms": 0.305658,
        "max_ms": 0.31527599
    },
    "FontCreateDifferentSizes": {
        "mid_ms": 0.30679099,
        "avg_ms": 0.31039773,
        "min_ms": 0.30676099,
        "max_ms": 0.316769
    },
    "FontCreateItalicVariants": {
        "mid_ms": 0.30270299,
        "avg_ms": 0.30632653,
        "min_ms": 0.30255299,
        "max_ms": 0.31280197
    },
    "FontErrorHandling": {
        "mid_ms": 0.49401,
        "avg_ms": 0.49355172,
        "min_ms": 0.487608,
        "max_ms": 0.49926999
    },
    "FontFamilyVariations": {
        "mid_ms": 0.3071255,
        "avg_ms": 0.31102784,
        "min_ms": 0.30691997,
        "max_ms": 0.31757998
    },
    "FontFlipOperations": {
        "mid_ms": 0.23131,
        "avg_ms": 0.23416492,
        "min_ms": 0.23124099,
        "max_ms": 0.24176
    },
    "FontHintOperations": {
        "mid_ms": 0.23125999,
        "avg_ms": 0.23395207,
        "min_ms": 0.23123999,
        "max_ms": 0.241098
    },
    "FontItalicOperations": {
        "mid_ms": 0.23126099,
        "avg_ms": 0.23439874,
        "min_ms": 0.23124,
        "max_ms": 0.24171999
    },
    "FontMultipleReferences": {
        "mid_ms": 0.04801,
        "avg_ms": 0.04848228,
        "min_ms": 0.04795899,
        "max_ms": 0.04818899
    },
    "FontReferenceOperations": {
        "mid_ms": 0.90387099,
        "avg_ms": 0.90477428,
        "min_ms": 0.902578,
        "max_ms": 0.907337
    },
    "FontReusePerformance": {
        "mid_ms": 0.27474149,
        "avg_ms": 0.27803501,
        "min_ms": 0.27467999,
        "max_ms": 0.284559
    },
    "FontSizeOperations": {
        "mid_ms": 0.24699999,
        "avg_ms": 0.25045368,
        "min_ms": 0.24696,
        "max_ms": 0.258752
    },
    "FontStressTest": {
        "mid_ms": 0.97526849,
        "avg_ms": 0.97718494,
        "min_ms": 0.974031,
        "max_ms": 0.979351
    },
    "FontWeightOperations": {
        "mid_ms": 0.11576499,
        "avg_ms": 0.11712897,
        "min_ms": 0.115735,
        "max_ms": 0.124933
    }
}