{
    "AllSpreadModes": {
        "mid_ms": 4.52703099,
        "avg_ms": 4.53360968,
        "min_ms": 4.51379599,
        "max_ms": 4.552488
    },
    "ColorStopOperations": {
        "mid_ms": 0.7813485,
        "avg_ms": 0.78147874,
        "min_ms": 0.77185599,
        "max_ms": 0.783918
    },
    "ComplexColorStops": {
        "mid_ms": 1.81384249,
        "avg_ms": 1.81451515,
        "min_ms": 1.80699099,
        "max_ms": 1.82081699
    },
    "ConicGradientCreateDestroy": {
        "mid_ms": 0.82279999,
        "avg_ms": 0.83213714,
        "min_ms": 0.81362399,
        "max_ms": 0.869457
    },
    "GradientErrorHandling": {
        "mid_ms": 0.382749,
        "avg_ms": 0.38822014,
        "min_ms": 0.38266399,
        "max_ms": 0.393946
    },
    "GradientExtremeValues": {
        "mid_ms": 1.72906949,
        "avg_ms": 1.7314001,
        "min_ms": 1.72127899,
        "max_ms": 1.738361
    },
    "GradientReferenceOperations": {
        "mid_ms": 0.84197099,
        "avg_ms": 0.84222958,
        "min_ms": 0.83315899,
        "max_ms": 0.844461
    },
    "GradientReusePerformance": {
        "mid_ms": 0.293478,
        "avg_ms": 0.29686397,
        "min_ms": 0.293407,
        "max_ms": 0.30352699
    },
    "GradientStressTest": {
        "mid_ms": 1.22059499,
        "avg_ms": 1.22690616,
        "min_ms": 1.20743599,
        "max_ms": 1.249214
    },
    "GradientTransformOperations": {
        "mid_ms": 0.37414799,
        "avg_ms": 0.37883554,
        "min_ms": 0.37406799,
        "max_ms": 0.384108
    },
    "GradientTypeComparison": {
        "mid_ms": 2.14749599,
        "avg_ms": 2.16229689,
        "min_ms": 2.143443,
        "max_ms": 2.23621099
    },
    "LinearGradientCreateDestroy": {
        "mid_ms": 1.25435298,
        "avg_ms": 1.25718826,
        "min_ms": 1.25164799,
        "max_ms": 1.264051
    },
    "RadialGradientCreateDestroy": {
        "mid_ms": 0.872178,
        "avg_ms": 0.87669413,
        "min_ms": 0.86669799,
        "max_ms": 0.89182499
    }
}