{
	"AllSpreadModes":	{
		"mid_ms":	4.565736,
		"avg_ms":	4.56636358,
		"min_ms":	4.553508,
		"max_ms":	4.60226099,
		"std_dev":	0.01013814,
		"cv":	0.00222017,
		"iterations":	161,
		"total_time_ms":	1962.61127299
	},
	"ColorStopOperations":	{
		"mid_ms":	0.83124999,
		"avg_ms":	0.83101143,
		"min_ms":	0.82049299,
		"max_ms":	0.83926199,
		"std_dev":	0.00330267,
		"cv":	0.00397428,
		"iterations":	437,
		"total_time_ms":	3538.44941399
	},
	"ComplexColorStops":	{
		"mid_ms":	2.055095,
		"avg_ms":	2.05577411,
		"min_ms":	2.04780899,
		"max_ms":	2.06811999,
		"std_dev":	0.00531343,
		"cv":	0.00258464,
		"iterations":	292,
		"total_time_ms":	2693.91456699
	},
	"ConicGradientCreateDestroy":	{
		"mid_ms":	0.882638,
		"avg_ms":	0.88281418,
		"min_ms":	0.874745,
		"max_ms":	0.88713399,
		"std_dev":	0.00148753,
		"cv":	0.00168498,
		"iterations":	424,
		"total_time_ms":	3353.297643
	},
	"GradientErrorHandling":	{
		"mid_ms":	0.420342,
		"avg_ms":	0.42383799,
		"min_ms":	0.416176,
		"max_ms":	0.43238,
		"std_dev":	0.00556897,
		"cv":	0.0131394,
		"iterations":	500,
		"total_time_ms":	3690.239037
	},
	"GradientExtremeValues":	{
		"mid_ms":	1.73072749,
		"avg_ms":	1.73285598,
		"min_ms":	1.720017,
		"max_ms":	1.751694,
		"std_dev":	0.00785398,
		"cv":	0.00453239,
		"iterations":	302,
		"total_time_ms":	2713.14011399
	},
	"GradientReferenceOperations":	{
		"mid_ms":	0.9875655,
		"avg_ms":	0.98806842,
		"min_ms":	0.986033,
		"max_ms":	0.99311399,
		"std_dev":	0.00162645,
		"cv":	0.0016461,
		"iterations":	426,
		"total_time_ms":	3413.63477499
	},
	"GradientReusePerformance":	{
		"mid_ms":	0.336306,
		"avg_ms":	0.33926874,
		"min_ms":	0.33289099,
		"max_ms":	0.34872399,
		"std_dev":	0.00522621,
		"cv":	0.01540434,
		"iterations":	500,
		"total_time_ms":	3637.629559
	},
	"GradientStressTest":	{
		"mid_ms":	1.3914775,
		"avg_ms":	1.39299285,
		"min_ms":	1.37458699,
		"max_ms":	1.422379,
		"std_dev":	0.01231662,
		"cv":	0.00884184,
		"iterations":	358,
		"total_time_ms":	3025.89226499
	},
	"GradientTransformOperations":	{
		"mid_ms":	0.413617,
		"avg_ms":	0.41754335,
		"min_ms":	0.41163999,
		"max_ms":	0.42595,
		"std_dev":	0.00560068,
		"cv":	0.01341341,
		"iterations":	500,
		"total_time_ms":	3685.57929599
	},
	"GradientTypeComparison":	{
		"mid_ms":	2.12451499,
		"avg_ms":	2.12537237,
		"min_ms":	2.11832599,
		"max_ms":	2.13794498,
		"std_dev":	0.00460475,
		"cv":	0.00216656,
		"iterations":	264,
		"total_time_ms":	2458.475546
	},
	"LinearGradientCreateDestroy":	{
		"mid_ms":	1.26494749,
		"avg_ms":	1.26550188,
		"min_ms":	1.255719,
		"max_ms":	1.27789099,
		"std_dev":	0.00549441,
		"cv":	0.00434167,
		"iterations":	362,
		"total_time_ms":	3024.041944
	},
	"RadialGradientCreateDestroy":	{
		"mid_ms":	0.869167,
		"avg_ms":	0.86998305,
		"min_ms":	0.859673,
		"max_ms":	0.88187599,
		"std_dev":	0.00584842,
		"cv":	0.00672245,
		"iterations":	419,
		"total_time_ms":	3301.048765
	}
}