{
    "AllSpreadModes": {
        "mid_ms": 4.52703099,
        "avg_ms": 4.53360968,
        "min_ms": 4.51379599,
        "max_ms": 4.552488
    },
    "ColorStopOperations": {
        "mid_ms": 0.781629,
        "avg_ms": 0.78100475,
        "min_ms": 0.77189099,
        "max_ms": 0.783613
    },
    "ComplexColorStops": {
        "mid_ms": 1.81384249,
        "avg_ms": 1.81451515,
        "min_ms": 1.80699099,
        "max_ms": 1.82081699
    },
    "ConicGradientCreateDestroy": {
        "mid_ms": 0.82362349,
        "avg_ms": 0.82747762,
        "min_ms": 0.81394,
        "max_ms": 0.843086
    },
    "GradientErrorHandling": {
        "mid_ms": 0.382749,
        "avg_ms": 0.38822014,
        "min_ms": 0.38266399,
        "max_ms": 0.393946
    },
    "GradientExtremeValues": {
        "mid_ms": 1.733631,
        "avg_ms": 1.73792414,
        "min_ms": 1.72519099,
        "max_ms": 1.75216099
    },
    "GradientReferenceOperations": {
        "mid_ms": 0.842094,
        "avg_ms": 0.843018,
        "min_ms": 0.83247599,
        "max_ms": 0.845099
    },
    "GradientReusePerformance": {
        "mid_ms": 0.293478,
        "avg_ms": 0.29686397,
        "min_ms": 0.293407,
        "max_ms": 0.30352699
    },
    "GradientStressTest": {
        "mid_ms": 1.244343,
        "avg_ms": 1.24782746,
        "min_ms": 1.239207,
        "max_ms": 1.258445
    },
    "GradientTransformOperations": {
        "mid_ms": 0.37414799,
        "avg_ms": 0.37883554,
        "min_ms": 0.37406799,
        "max_ms": 0.384108
    },
    "GradientTypeComparison": {
        "mid_ms": 2.14749599,
        "avg_ms": 2.16229689,
        "min_ms": 2.143443,
        "max_ms": 2.23621099
    },
    "LinearGradientCreateDestroy": {
        "mid_ms": 1.25528849,
        "avg_ms": 1.25733579,
        "min_ms": 1.252007,
        "max_ms": 1.26406999
    },
    "RadialGradientCreateDestroy": {
        "mid_ms": 0.872178,
        "avg_ms": 0.87669413,
        "min_ms": 0.86669799,
        "max_ms": 0.89182499
    }
}