{
	"ImageCreateAllFormats":	{
		"mid_ms":	1.13669899,
		"avg_ms":	1.13733989,
		"min_ms":	1.13064,
		"max_ms":	1.147466,
		"std_dev":	0.00409327,
		"cv":	0.00359898,
		"iterations":	345,
		"total_time_ms":	2821.76174299
	},
	"ImageCreateCompatible":	{
		"mid_ms":	1.405298,
		"avg_ms":	1.40672697,
		"min_ms":	1.399945,
		"max_ms":	1.41691099,
		"std_dev":	0.00493707,
		"cv":	0.00350962,
		"iterations":	336,
		"total_time_ms":	2847.84559299
	},
	"ImageCreateDestroy":	{
		"mid_ms":	2.80129199,
		"avg_ms":	2.80138707,
		"min_ms":	2.79013499,
		"max_ms":	2.811908,
		"std_dev":	0.00471671,
		"cv":	0.0016837,
		"iterations":	228,
		"total_time_ms":	2290.23679899
	},
	"ImageCreateFromCanvas":	{
		"mid_ms":	0.50055299,
		"avg_ms":	0.49739686,
		"min_ms":	0.48989699,
		"max_ms":	0.50590099,
		"std_dev":	0.00597133,
		"cv":	0.01200517,
		"iterations":	500,
		"total_time_ms":	3738.31230899
	},
	"ImageCreateFromData":	{
		"mid_ms":	3.41223199,
		"avg_ms":	3.41372709,
		"min_ms":	3.40473,
		"max_ms":	3.43028899,
		"std_dev":	0.00619431,
		"cv":	0.00181453,
		"iterations":	213,
		"total_time_ms":	2286.58911499
	},
	"ImageCreateFromImage":	{
		"mid_ms":	0.53494949,
		"avg_ms":	0.53109293,
		"min_ms":	0.523097,
		"max_ms":	0.53859999,
		"std_dev":	0.00579318,
		"cv":	0.01090803,
		"iterations":	500,
		"total_time_ms":	3746.99199799
	},
	"ImageCreateWithData":	{
		"mid_ms":	0.673063,
		"avg_ms":	0.6702618,
		"min_ms":	0.66122499,
		"max_ms":	0.67696799,
		"std_dev":	0.00539433,
		"cv":	0.00804809,
		"iterations":	477,
		"total_time_ms":	3637.19060099
	},
	"ImageDifferentDimensions":	{
		"mid_ms":	3.47043899,
		"avg_ms":	3.4702196,
		"min_ms":	3.46058399,
		"max_ms":	3.48780499,
		"std_dev":	0.006492,
		"cv":	0.00187077,
		"iterations":	197,
		"total_time_ms":	2139.222882
	},
	"ImageErrorHandling":	{
		"mid_ms":	4.8265885,
		"avg_ms":	4.82841362,
		"min_ms":	4.78018899,
		"max_ms":	4.88767,
		"std_dev":	0.02425266,
		"cv":	0.0050229,
		"iterations":	162,
		"total_time_ms":	2026.36658899
	},
	"ImagePropertyOperations":	{
		"mid_ms":	1.26941898,
		"avg_ms":	1.27132269,
		"min_ms":	1.266234,
		"max_ms":	1.280435,
		"std_dev":	0.00443634,
		"cv":	0.00348955,
		"iterations":	375,
		"total_time_ms":	3112.28139
	},
	"ImageReferenceOperations":	{
		"mid_ms":	1.022468,
		"avg_ms":	1.02290167,
		"min_ms":	1.02098499,
		"max_ms":	1.02775499,
		"std_dev":	0.00146554,
		"cv":	0.00143273,
		"iterations":	416,
		"total_time_ms":	3338.03814
	},
	"ImageReusePerformance":	{
		"mid_ms":	0.28702199,
		"avg_ms":	0.2896831,
		"min_ms":	0.286501,
		"max_ms":	0.29924,
		"std_dev":	0.00477658,
		"cv":	0.01648898,
		"iterations":	500,
		"total_time_ms":	3650.016841
	},
	"ImageStressTest":	{
		"mid_ms":	1.30676499,
		"avg_ms":	1.30799667,
		"min_ms":	1.29526798,
		"max_ms":	1.326144,
		"std_dev":	0.00806511,
		"cv":	0.006166,
		"iterations":	369,
		"total_time_ms":	3084.944897
	},
	"ImageTransparencyOperations":	{
		"mid_ms":	0.30041648,
		"avg_ms":	0.30204098,
		"min_ms":	0.29703699,
		"max_ms":	0.31232,
		"std_dev":	0.00496981,
		"cv":	0.01645412,
		"iterations":	500,
		"total_time_ms":	3619.75323
	}
}