{
    "MaskCanvasIntegration": {
        "mid_ms": 0.20978,
        "avg_ms": 0.21343004,
        "min_ms": 0.20974,
        "max_ms": 0.219408
    },
    "MaskColorFilterOperations": {
        "mid_ms": 0.8153245,
        "avg_ms": 0.81935164,
        "min_ms": 0.80461899,
        "max_ms": 0.83604799
    },
    "MaskComplexColorFilters": {
        "mid_ms": 8.90773699,
        "avg_ms": 8.90946125,
        "min_ms": 8.897563,
        "max_ms": 8.923231
    },
    "MaskCreateDestroy": {
        "mid_ms": 1.731069,
        "avg_ms": 1.73606623,
        "min_ms": 1.718511,
        "max_ms": 1.75577
    },
    "MaskCreateDifferentDimensions": {
        "mid_ms": 0.87425099,
        "avg_ms": 0.87625419,
        "min_ms": 0.86859599,
        "max_ms": 0.87882399
    },
    "MaskCreateWithData": {
        "mid_ms": 0.312942,
        "avg_ms": 0.31844657,
        "min_ms": 0.312156,
        "max_ms": 0.32596198
    },
    "MaskCreateWithMultipleData": {
        "mid_ms": 0.73889399,
        "avg_ms": 0.73996517,
        "min_ms": 0.722504,
        "max_ms": 0.74902299
    },
    "MaskDataBufferOperations": {
        "mid_ms": 0.5314335,
        "avg_ms": 0.52986293,
        "min_ms": 0.52201099,
        "max_ms": 0.536438
    },
    "MaskErrorHandling": {
        "mid_ms": 0.404057,
        "avg_ms": 0.40997018,
        "min_ms": 0.403881,
        "max_ms": 0.41412099
    },
    "MaskMultipleReferences": {
        "mid_ms": 0.1200235,
        "avg_ms": 0.12215992,
        "min_ms": 0.119012,
        "max_ms": 0.12939099
    },
    "MaskReferenceOperations": {
        "mid_ms": 0.90349999,
        "avg_ms": 0.90479083,
        "min_ms": 0.902418,
        "max_ms": 0.90710699
    },
    "MaskReusePerformance": {
        "mid_ms": 0.250315,
        "avg_ms": 0.25387353,
        "min_ms": 0.25011899,
        "max_ms": 0.26180199
    },
    "MaskStressTest": {
        "mid_ms": 1.09274498,
        "avg_ms": 1.09559605,
        "min_ms": 1.087601,
        "max_ms": 1.10708699
    }
}