{
    "MaskCanvasIntegration": {
        "mid_ms": 0.21900599,
        "avg_ms": 0.21719139,
        "min_ms": 0.209764,
        "max_ms": 0.22564299
    },
    "MaskColorFilterOperations": {
        "mid_ms": 0.8153245,
        "avg_ms": 0.81935164,
        "min_ms": 0.80461899,
        "max_ms": 0.83604799
    },
    "MaskComplexColorFilters": {
        "mid_ms": 8.90773699,
        "avg_ms": 8.90946125,
        "min_ms": 8.897563,
        "max_ms": 8.923231
    },
    "MaskCreateDestroy": {
        "mid_ms": 1.731069,
        "avg_ms": 1.73606623,
        "min_ms": 1.718511,
        "max_ms": 1.75577
    },
    "MaskCreateDifferentDimensions": {
        "mid_ms": 0.903388,
        "avg_ms": 0.90545008,
        "min_ms": 0.897362,
        "max_ms": 0.91091599
    },
    "MaskCreateWithData": {
        "mid_ms": 0.312942,
        "avg_ms": 0.31844657,
        "min_ms": 0.312156,
        "max_ms": 0.32596198
    },
    "MaskCreateWithMultipleData": {
        "mid_ms": 0.7406345,
        "avg_ms": 0.74306902,
        "min_ms": 0.73109099,
        "max_ms": 0.75133999
    },
    "MaskDataBufferOperations": {
        "mid_ms": 0.53220349,
        "avg_ms": 0.53284279,
        "min_ms": 0.52239,
        "max_ms": 0.540865
    },
    "MaskErrorHandling": {
        "mid_ms": 0.40438799,
        "avg_ms": 0.40921162,
        "min_ms": 0.40403299,
        "max_ms": 0.414964
    },
    "MaskMultipleReferences": {
        "mid_ms": 0.12293349,
        "avg_ms": 0.12496119,
        "min_ms": 0.122368,
        "max_ms": 0.133839
    },
    "MaskReferenceOperations": {
        "mid_ms": 0.90439,
        "avg_ms": 0.90573343,
        "min_ms": 0.902932,
        "max_ms": 0.90774099
    },
    "MaskReusePerformance": {
        "mid_ms": 0.250315,
        "avg_ms": 0.25387353,
        "min_ms": 0.25011899,
        "max_ms": 0.26180199
    },
    "MaskStressTest": {
        "mid_ms": 1.09274498,
        "avg_ms": 1.09559605,
        "min_ms": 1.087601,
        "max_ms": 1.10708699
    }
}