{
	"MaskCanvasIntegration":	{
		"mid_ms":	0.2456395,
		"avg_ms":	0.24782871,
		"min_ms":	0.24499799,
		"max_ms":	0.25787799,
		"std_dev":	0.004536,
		"cv":	0.01830298,
		"iterations":	500,
		"total_time_ms":	3613.143031
	},
	"MaskColorFilterOperations":	{
		"mid_ms":	0.932792,
		"avg_ms":	0.9331988,
		"min_ms":	0.93090999,
		"max_ms":	0.93807999,
		"std_dev":	0.00158427,
		"cv":	0.00169768,
		"iterations":	429,
		"total_time_ms":	3396.303455
	},
	"MaskComplexColorFilters":	{
		"mid_ms":	10.163202,
		"avg_ms":	10.16658148,
		"min_ms":	10.140939,
		"max_ms":	10.22499499,
		"std_dev":	0.02014746,
		"cv":	0.00198173,
		"iterations":	97,
		"total_time_ms":	1743.718843
	},
	"MaskCreateDestroy":	{
		"mid_ms":	1.728489,
		"avg_ms":	1.72901295,
		"min_ms":	1.71731199,
		"max_ms":	1.74490399,
		"std_dev":	0.00658917,
		"cv":	0.00381094,
		"iterations":	299,
		"total_time_ms":	2643.074161
	},
	"MaskCreateDifferentDimensions":	{
		"mid_ms":	0.81176099,
		"avg_ms":	0.81141278,
		"min_ms":	0.79984299,
		"max_ms":	0.81875099,
		"std_dev":	0.00424958,
		"cv":	0.00523725,
		"iterations":	419,
		"total_time_ms":	3269.889062
	},
	"MaskCreateWithData":	{
		"mid_ms":	0.385775,
		"avg_ms":	0.38965899,
		"min_ms":	0.38373699,
		"max_ms":	0.398049,
		"std_dev":	0.00573383,
		"cv":	0.01471501,
		"iterations":	500,
		"total_time_ms":	3668.657506
	},
	"MaskCreateWithMultipleData":	{
		"mid_ms":	0.93504599,
		"avg_ms":	0.93534915,
		"min_ms":	0.93111,
		"max_ms":	0.94148599,
		"std_dev":	0.00252471,
		"cv":	0.00269922,
		"iterations":	446,
		"total_time_ms":	3544.375553
	},
	"MaskDataBufferOperations":	{
		"mid_ms":	0.65733899,
		"avg_ms":	0.65454315,
		"min_ms":	0.645251,
		"max_ms":	0.661555,
		"std_dev":	0.00556027,
		"cv":	0.00849489,
		"iterations":	479,
		"total_time_ms":	3648.133884
	},
	"MaskErrorHandling":	{
		"mid_ms":	0.422896,
		"avg_ms":	0.42726578,
		"min_ms":	0.421865,
		"max_ms":	0.43540499,
		"std_dev":	0.00561112,
		"cv":	0.01313264,
		"iterations":	500,
		"total_time_ms":	3688.11437699
	},
	"MaskMultipleReferences":	{
		"mid_ms":	0.11936449,
		"avg_ms":	0.12006223,
		"min_ms":	0.11789699,
		"max_ms":	0.13072698,
		"std_dev":	0.00261634,
		"cv":	0.02179154,
		"iterations":	500,
		"total_time_ms":	3531.57157399
	},
	"MaskReferenceOperations":	{
		"mid_ms":	1.02247698,
		"avg_ms":	1.02316643,
		"min_ms":	1.020975,
		"max_ms":	1.030229,
		"std_dev":	0.00198314,
		"cv":	0.00193823,
		"iterations":	415,
		"total_time_ms":	3333.558678
	},
	"MaskReusePerformance":	{
		"mid_ms":	0.290742,
		"avg_ms":	0.29343981,
		"min_ms":	0.29028699,
		"max_ms":	0.303106,
		"std_dev":	0.00493357,
		"cv":	0.01681291,
		"iterations":	500,
		"total_time_ms":	3619.79998099
	},
	"MaskStressTest":	{
		"mid_ms":	1.23454698,
		"avg_ms":	1.23522474,
		"min_ms":	1.22705599,
		"max_ms":	1.24568299,
		"std_dev":	0.00466641,
		"cv":	0.00377778,
		"iterations":	377,
		"total_time_ms":	3125.08001499
	}
}