{
    "MatrixCreateCopy": {
        "mid_ms": 0.18210999,
        "avg_ms": 0.1855783,
        "min_ms": 0.18209,
        "max_ms": 0.191077
    },
    "MatrixCreateDestroy": {
        "mid_ms": 0.18595299,
        "avg_ms": 0.19676375,
        "min_ms": 0.18516599,
        "max_ms": 0.200805
    },
    "MatrixCreateInit": {
        "mid_ms": 0.191559,
        "avg_ms": 0.19428414,
        "min_ms": 0.19147899,
        "max_ms": 0.201648
    },
    "MatrixFlip": {
        "mid_ms": 2.36683899,
        "avg_ms": 2.3777336,
        "min_ms": 2.36086199,
        "max_ms": 2.400216
    },
    "MatrixInvert": {
        "mid_ms": 2.16565299,
        "avg_ms": 2.16779099,
        "min_ms": 2.163703,
        "max_ms": 2.17377298
    },
    "MatrixRotate": {
        "mid_ms": 1.77593699,
        "avg_ms": 1.77799539,
        "min_ms": 1.768263,
        "max_ms": 1.781919
    },
    "MatrixScale": {
        "mid_ms": 1.2750435,
        "avg_ms": 1.27848688,
        "min_ms": 1.27409098,
        "max_ms": 1.28346
    },
    "MatrixShear": {
        "mid_ms": 1.39883699,
        "avg_ms": 1.38569193,
        "min_ms": 1.337503,
        "max_ms": 1.407649
    },
    "MatrixTranslate": {
        "mid_ms": 1.30639699,
        "avg_ms": 1.30908593,
        "min_ms": 1.304629,
        "max_ms": 1.32035699
    }
}