{
	"MatrixCreateCopy":	{
		"mid_ms":	0.18210999999723754,
		"avg_ms":	0.18557830000091258,
		"min_ms":	0.18209000000979358,
		"max_ms":	0.19107700001086414
	},
	"MatrixCreateDestroy":	{
		"mid_ms":	0.18595299999901727,
		"avg_ms":	0.19676375500225163,
		"min_ms":	0.18516599999429673,
		"max_ms":	0.2008050000199546
	},
	"MatrixCreateInit":	{
		"mid_ms":	0.19751900001097056,
		"avg_ms":	0.20373611500048128,
		"min_ms":	0.19444299999804571,
		"max_ms":	0.20678600000678671
	},
	"MatrixFlip":	{
		"mid_ms":	2.3668389999897954,
		"avg_ms":	2.3777336049997189,
		"min_ms":	2.3608619999890834,
		"max_ms":	2.4002160000122785
	},
	"MatrixInvert":	{
		"mid_ms":	2.1670309999848314,
		"avg_ms":	2.1687101749979831,
		"min_ms":	2.1653069999842955,
		"max_ms":	2.1739439999919341
	},
	"MatrixRotate":	{
		"mid_ms":	1.9611554999983127,
		"avg_ms":	1.9672194400000365,
		"min_ms":	1.9599040000173318,
		"max_ms":	1.9695109999986471
	},
	"MatrixScale":	{
		"mid_ms":	1.3123180000036427,
		"avg_ms":	1.330101900000642,
		"min_ms":	1.3048689999948238,
		"max_ms":	1.3736269999924389
	},
	"MatrixShear":	{
		"mid_ms":	1.8688735000012,
		"avg_ms":	1.8933668350003074,
		"min_ms":	1.8432249999875694,
		"max_ms":	1.9754520000105913
	},
	"MatrixTranslate":	{
		"mid_ms":	1.3063969999933533,
		"avg_ms":	1.3090859399996191,
		"min_ms":	1.3046290000033878,
		"max_ms":	1.32035699999733
	}
}