{
    "MatrixCreateCopy": {
        "mid_ms": 0.18210999,
        "avg_ms": 0.1855783,
        "min_ms": 0.18209,
        "max_ms": 0.191077
    },
    "MatrixCreateDestroy": {
        "mid_ms": 0.18595299,
        "avg_ms": 0.19676375,
        "min_ms": 0.18516599,
        "max_ms": 0.200805
    },
    "MatrixCreateInit": {
        "mid_ms": 0.18884399,
        "avg_ms": 0.19157735,
        "min_ms": 0.188484,
        "max_ms": 0.20208999
    },
    "MatrixFlip": {
        "mid_ms": 2.36683899,
        "avg_ms": 2.3777336,
        "min_ms": 2.36086199,
        "max_ms": 2.400216
    },
    "MatrixInvert": {
        "mid_ms": 2.165638,
        "avg_ms": 2.16827818,
        "min_ms": 2.163384,
        "max_ms": 2.174354
    },
    "MatrixRotate": {
        "mid_ms": 1.77545299,
        "avg_ms": 1.77787208,
        "min_ms": 1.767908,
        "max_ms": 1.789238
    },
    "MatrixScale": {
        "mid_ms": 1.2750435,
        "avg_ms": 1.27848688,
        "min_ms": 1.27409098,
        "max_ms": 1.28346
    },
    "MatrixShear": {
        "mid_ms": 1.3082115,
        "avg_ms": 1.31341692,
        "min_ms": 1.30637399,
        "max_ms": 1.32443698
    },
    "MatrixTranslate": {
        "mid_ms": 1.30639699,
        "avg_ms": 1.30908593,
        "min_ms": 1.304629,
        "max_ms": 1.32035699
    }
}