{
	"MatrixComposition":	{
		"mid_ms":	0.77810999,
		"avg_ms":	0.77444456,
		"min_ms":	0.761395,
		"max_ms":	0.78198599,
		"std_dev":	0.00643514,
		"cv":	0.00830936,
		"iterations":	458,
		"total_time_ms":	3586.915486
	},
	"MatrixCreateCopy":	{
		"mid_ms":	0.203817,
		"avg_ms":	0.20410847,
		"min_ms":	0.20327599,
		"max_ms":	0.21497299,
		"std_dev":	0.00159594,
		"cv":	0.00781902,
		"iterations":	500,
		"total_time_ms":	3585.47030299
	},
	"MatrixCreateDestroy":	{
		"mid_ms":	0.198113,
		"avg_ms":	0.19909291,
		"min_ms":	0.19690599,
		"max_ms":	0.209054,
		"std_dev":	0.00230252,
		"cv":	0.01156505,
		"iterations":	500,
		"total_time_ms":	3579.53979199
	},
	"MatrixCreateInit":	{
		"mid_ms":	0.207547,
		"avg_ms":	0.20874715,
		"min_ms":	0.204347,
		"max_ms":	0.220081,
		"std_dev":	0.00390857,
		"cv":	0.01872396,
		"iterations":	500,
		"total_time_ms":	3692.182288
	},
	"MatrixDecomposition":	{
		"mid_ms":	0.76100949,
		"avg_ms":	0.75999498,
		"min_ms":	0.749427,
		"max_ms":	0.76443,
		"std_dev":	0.00374516,
		"cv":	0.00492787,
		"iterations":	450,
		"total_time_ms":	3480.614934
	},
	"MatrixFlip":	{
		"mid_ms":	2.572158,
		"avg_ms":	2.57271613,
		"min_ms":	2.56253297,
		"max_ms":	2.59572299,
		"std_dev":	0.00675919,
		"cv":	0.00262725,
		"iterations":	248,
		"total_time_ms":	2507.57165799
	},
	"MatrixGetDeterminant":	{
		"mid_ms":	0.60450399,
		"avg_ms":	0.60103862,
		"min_ms":	0.592761,
		"max_ms":	0.60735399,
		"std_dev":	0.005554,
		"cv":	0.00924067,
		"iterations":	484,
		"total_time_ms":	3661.06436099
	},
	"MatrixGetScaleFactor":	{
		"mid_ms":	0.533983,
		"avg_ms":	0.52959387,
		"min_ms":	0.522916,
		"max_ms":	0.536817,
		"std_dev":	0.00582552,
		"cv":	0.01099997,
		"iterations":	499,
		"total_time_ms":	3750.35934699
	},
	"MatrixGetShearFactor":	{
		"mid_ms":	0.53432349,
		"avg_ms":	0.52998146,
		"min_ms":	0.52295599,
		"max_ms":	0.53737799,
		"std_dev":	0.00589331,
		"cv":	0.01111984,
		"iterations":	498,
		"total_time_ms":	3727.18281499
	},
	"MatrixGetTranslateFactor":	{
		"mid_ms":	0.53413849,
		"avg_ms":	0.52988405,
		"min_ms":	0.522957,
		"max_ms":	0.537768,
		"std_dev":	0.00592517,
		"cv":	0.01118201,
		"iterations":	500,
		"total_time_ms":	3746.59615799
	},
	"MatrixInit":	{
		"mid_ms":	1.86750399,
		"avg_ms":	1.86841421,
		"min_ms":	1.864184,
		"max_ms":	1.87888499,
		"std_dev":	0.00290821,
		"cv":	0.00155651,
		"iterations":	320,
		"total_time_ms":	2870.16763999
	},
	"MatrixInvert":	{
		"mid_ms":	2.40357449,
		"avg_ms":	2.40408798,
		"min_ms":	2.38741999,
		"max_ms":	2.422032,
		"std_dev":	0.0096679,
		"cv":	0.00402144,
		"iterations":	272,
		"total_time_ms":	2645.90382799
	},
	"MatrixIsEqual":	{
		"mid_ms":	1.511292,
		"avg_ms":	1.50985317,
		"min_ms":	1.48293899,
		"max_ms":	1.52307999,
		"std_dev":	0.01146641,
		"cv":	0.00759439,
		"iterations":	344,
		"total_time_ms":	2950.089787
	},
	"MatrixIsIdentity":	{
		"mid_ms":	1.48368149,
		"avg_ms":	1.48511911,
		"min_ms":	1.47434799,
		"max_ms":	1.517722,
		"std_dev":	0.0101269,
		"cv":	0.00681893,
		"iterations":	344,
		"total_time_ms":	2950.33204599
	},
	"MatrixMultiply":	{
		"mid_ms":	3.11146399,
		"avg_ms":	3.11282522,
		"min_ms":	3.10128399,
		"max_ms":	3.135315,
		"std_dev":	0.00772237,
		"cv":	0.00248082,
		"iterations":	234,
		"total_time_ms":	2430.14879699
	},
	"MatrixReferenceOperations":	{
		"mid_ms":	0.987144,
		"avg_ms":	0.98252988,
		"min_ms":	0.95306299,
		"max_ms":	0.991351,
		"std_dev":	0.01167624,
		"cv":	0.01188385,
		"iterations":	421,
		"total_time_ms":	3358.75404099
	},
	"MatrixRotate":	{
		"mid_ms":	2.00732899,
		"avg_ms":	2.00854279,
		"min_ms":	2.004794,
		"max_ms":	2.022452,
		"std_dev":	0.00361954,
		"cv":	0.00180207,
		"iterations":	302,
		"total_time_ms":	2780.54095899
	},
	"MatrixScale":	{
		"mid_ms":	1.475714,
		"avg_ms":	1.47255477,
		"min_ms":	1.44128799,
		"max_ms":	1.488679,
		"std_dev":	0.01354342,
		"cv":	0.00919723,
		"iterations":	360,
		"total_time_ms":	3152.73255399
	},
	"MatrixSetScaleFactor":	{
		"mid_ms":	1.04968899,
		"avg_ms":	1.04099762,
		"min_ms":	1.02197699,
		"max_ms":	1.06141599,
		"std_dev":	0.01632519,
		"cv":	0.01568224,
		"iterations":	415,
		"total_time_ms":	3348.626832
	},
	"MatrixSetShearFactor":	{
		"mid_ms":	1.02275349,
		"avg_ms":	1.02321789,
		"min_ms":	1.021206,
		"max_ms":	1.02905699,
		"std_dev":	0.00153952,
		"cv":	0.00150458,
		"iterations":	410,
		"total_time_ms":	3297.693941
	},
	"MatrixSetTranslateFactor":	{
		"mid_ms":	1.05638399,
		"avg_ms":	1.04685961,
		"min_ms":	1.02204699,
		"max_ms":	1.062407,
		"std_dev":	0.0154226,
		"cv":	0.01473225,
		"iterations":	410,
		"total_time_ms":	3297.968532
	},
	"MatrixShear":	{
		"mid_ms":	1.97292199,
		"avg_ms":	1.97511066,
		"min_ms":	1.969852,
		"max_ms":	1.99522999,
		"std_dev":	0.00579887,
		"cv":	0.00293597,
		"iterations":	356,
		"total_time_ms":	3302.359922
	},
	"MatrixTransformPoint":	{
		"mid_ms":	0.77882599,
		"avg_ms":	0.77780373,
		"min_ms":	0.76699399,
		"max_ms":	0.782467,
		"std_dev":	0.00384356,
		"cv":	0.00494156,
		"iterations":	450,
		"total_time_ms":	3507.82546
	},
	"MatrixTransformRect":	{
		"mid_ms":	2.45309899,
		"avg_ms":	2.45242826,
		"min_ms":	2.444957,
		"max_ms":	2.46239199,
		"std_dev":	0.0052425,
		"cv":	0.00213768,
		"iterations":	231,
		"total_time_ms":	2247.21209799
	},
	"MatrixTranslate":	{
		"mid_ms":	1.37945399,
		"avg_ms":	1.3893033,
		"min_ms":	1.37009,
		"max_ms":	1.447707,
		"std_dev":	0.0246848,
		"cv":	0.01776776,
		"iterations":	356,
		"total_time_ms":	3128.04674999
	}
}