{
    "Clear": {
        "mid_ms": 8.83818299,
        "avg_ms": 8.88001399,
        "min_ms": 8.81836699,
        "max_ms": 8.90660999
    },
    "Clip": {
        "mid_ms": 0.03552599,
        "avg_ms": 0.03594804,
        "min_ms": 0.03551598,
        "max_ms": 0.035536
    },
    "ClipPath": {
        "mid_ms": 10.402399,
        "avg_ms": 10.44102653,
        "min_ms": 10.38022699,
        "max_ms": 10.465736
    },
    "ClipRect": {
        "mid_ms": 10.70720949,
        "avg_ms": 10.73556557,
        "min_ms": 10.68873299,
        "max_ms": 10.785841
    },
    "ClipRects": {
        "mid_ms": 15.9082075,
        "avg_ms": 15.96191551,
        "min_ms": 15.881121,
        "max_ms": 16.010342
    },
    "DrawText": {
        "mid_ms": 126.29401399,
        "avg_ms": 126.43946204,
        "min_ms": 126.157056,
        "max_ms": 126.709568
    },
    "Fill": {
        "mid_ms": 0.37499749,
        "avg_ms": 0.37869749,
        "min_ms": 0.37249299,
        "max_ms": 0.384294
    },
    "GetFontInfo": {
        "mid_ms": 0.12207699,
        "avg_ms": 0.12382686,
        "min_ms": 0.122056,
        "max_ms": 0.131284
    },
    "GetGlyph": {
        "mid_ms": 0.083635,
        "avg_ms": 0.08527634,
        "min_ms": 0.08354499,
        "max_ms": 0.094857
    },
    "GetPathFromGlyph": {
        "mid_ms": 3.17251149,
        "avg_ms": 3.18785102,
        "min_ms": 3.163184,
        "max_ms": 3.196175
    },
    "GetTextExtent": {
        "mid_ms": 0.26887498,
        "avg_ms": 0.27288721,
        "min_ms": 0.26801899,
        "max_ms": 0.27910899
    },
    "GlyphGetExtent": {
        "mid_ms": 0.02320299,
        "avg_ms": 0.02354851,
        "min_ms": 0.02318299,
        "max_ms": 0.02324399
    },
    "Paint": {
        "mid_ms": 0.84031699,
        "avg_ms": 0.84174073,
        "min_ms": 0.832869,
        "max_ms": 0.850612
    },
    "ResetClip": {
        "mid_ms": 0.05419,
        "avg_ms": 0.05474253,
        "min_ms": 0.054151,
        "max_ms": 0.054231
    },
    "ResetLineDash": {
        "mid_ms": 0.049422,
        "avg_ms": 0.04995699,
        "min_ms": 0.04941099,
        "max_ms": 0.049522
    },
    "ResetShadow": {
        "mid_ms": 0.046386,
        "avg_ms": 0.04698811,
        "min_ms": 0.04633599,
        "max_ms": 0.04650599
    },
    "SaveRestore": {
        "mid_ms": 0.227514,
        "avg_ms": 0.23109845,
        "min_ms": 0.22726399,
        "max_ms": 0.24003699
    },
    "Scale": {
        "mid_ms": 0.12660599,
        "avg_ms": 0.12840189,
        "min_ms": 0.12659498,
        "max_ms": 0.13616299
    },
    "ScissorRect": {
        "mid_ms": 0.07302599,
        "avg_ms": 0.07399585,
        "min_ms": 0.07291599,
        "max_ms": 0.07369699
    },
    "SetAlpha": {
        "mid_ms": 0.13595299,
        "avg_ms": 0.13783214,
        "min_ms": 0.13587299,
        "max_ms": 0.14641199
    },
    "SetAntialias": {
        "mid_ms": 20.30548249,
        "avg_ms": 20.3137486,
        "min_ms": 20.26088899,
        "max_ms": 20.36995299
    },
    "SetBlur": {
        "mid_ms": 0.145179,
        "avg_ms": 0.1469173,
        "min_ms": 0.14512,
        "max_ms": 0.15458699
    },
    "SetCompositeOperator": {
        "mid_ms": 0.135762,
        "avg_ms": 0.13781482,
        "min_ms": 0.13573199,
        "max_ms": 0.145511
    },
    "SetFillRule": {
        "mid_ms": 0.09875399,
        "avg_ms": 0.10024658,
        "min_ms": 0.09874299,
        "max_ms": 0.108001
    },
    "SetFilter": {
        "mid_ms": 0.12344,
        "avg_ms": 0.12529501,
        "min_ms": 0.1234,
        "max_ms": 0.13457999
    },
    "SetFont": {
        "mid_ms": 0.114192,
        "avg_ms": 0.11543013,
        "min_ms": 0.11417199,
        "max_ms": 0.12325
    },
    "SetGamma": {
        "mid_ms": 58.87900499,
        "avg_ms": 58.9561807,
        "min_ms": 58.79641,
        "max_ms": 59.06593499
    },
    "SetLineCap": {
        "mid_ms": 0.14498,
        "avg_ms": 0.14695424,
        "min_ms": 0.14496,
        "max_ms": 0.15434698
    },
    "SetLineDash": {
        "mid_ms": 0.191486,
        "avg_ms": 0.19460623,
        "min_ms": 0.191445,
        "max_ms": 0.201014
    },
    "SetLineInnerJoin": {
        "mid_ms": 0.098734,
        "avg_ms": 0.10094352,
        "min_ms": 0.09873299,
        "max_ms": 0.101458
    },
    "SetLineJoin": {
        "mid_ms": 0.18506399,
        "avg_ms": 0.18821281,
        "min_ms": 0.185044,
        "max_ms": 0.19448199
    },
    "SetLineWidth": {
        "mid_ms": 0.14207399,
        "avg_ms": 0.14370437,
        "min_ms": 0.14203399,
        "max_ms": 0.15132098
    },
    "SetMiterLimit": {
        "mid_ms": 0.09580799,
        "avg_ms": 0.09707851,
        "min_ms": 0.095748,
        "max_ms": 0.104694
    },
    "SetPath": {
        "mid_ms": 0.348809,
        "avg_ms": 0.35303262,
        "min_ms": 0.348729,
        "max_ms": 0.35885699
    },
    "SetShadow": {
        "mid_ms": 0.04953199,
        "avg_ms": 0.05020142,
        "min_ms": 0.049472,
        "max_ms": 0.049722
    },
    "SetShadowColor": {
        "mid_ms": 0.046376,
        "avg_ms": 0.04688029,
        "min_ms": 0.04633599,
        "max_ms": 0.04642599
    },
    "SetSourceCanvas": {
        "mid_ms": 0.12343999,
        "avg_ms": 0.12507795,
        "min_ms": 0.123409,
        "max_ms": 0.13265699
    },
    "SetSourceColor": {
        "mid_ms": 0.049472,
        "avg_ms": 0.05005708,
        "min_ms": 0.049422,
        "max_ms": 0.04960199
    },
    "SetSourceGradient": {
        "mid_ms": 0.120374,
        "avg_ms": 0.1239153,
        "min_ms": 0.120334,
        "max_ms": 0.129811
    },
    "SetSourceImage": {
        "mid_ms": 0.12343899,
        "avg_ms": 0.12498792,
        "min_ms": 0.123409,
        "max_ms": 0.132736
    },
    "SetSourcePattern": {
        "mid_ms": 0.123511,
        "avg_ms": 0.12508114,
        "min_ms": 0.12343899,
        "max_ms": 0.13277799
    },
    "SetStrokeCanvas": {
        "mid_ms": 0.12035399,
        "avg_ms": 0.12187483,
        "min_ms": 0.12032399,
        "max_ms": 0.12976099
    },
    "SetStrokeColor": {
        "mid_ms": 0.04637699,
        "avg_ms": 0.04694087,
        "min_ms": 0.04633599,
        "max_ms": 0.04641599
    },
    "SetStrokeGradient": {
        "mid_ms": 0.11726799,
        "avg_ms": 0.11859948,
        "min_ms": 0.11723799,
        "max_ms": 0.12638499
    },
    "SetStrokeImage": {
        "mid_ms": 0.12652499,
        "avg_ms": 0.12796932,
        "min_ms": 0.12649499,
        "max_ms": 0.135612
    },
    "SetStrokePattern": {
        "mid_ms": 0.12343999,
        "avg_ms": 0.12535423,
        "min_ms": 0.12341,
        "max_ms": 0.132667
    },
    "SetTextColor": {
        "mid_ms": 0.08957599,
        "avg_ms": 0.09065478,
        "min_ms": 0.089526,
        "max_ms": 0.092603
    },
    "Shear": {
        "mid_ms": 0.12368,
        "avg_ms": 0.1281609,
        "min_ms": 0.12363999,
        "max_ms": 0.138017
    },
    "ShowGlyphs": {
        "mid_ms": 52.220329,
        "avg_ms": 52.29347432,
        "min_ms": 52.140931,
        "max_ms": 52.35913699
    },
    "Stroke": {
        "mid_ms": 0.61904149,
        "avg_ms": 0.61926141,
        "min_ms": 0.60828099,
        "max_ms": 0.628789
    },
    "TextOutLength": {
        "mid_ms": 115.518492,
        "avg_ms": 115.71696959,
        "min_ms": 115.26245999,
        "max_ms": 115.87742199
    },
    "TextRenderingOptions": {
        "mid_ms": 0.25284099,
        "avg_ms": 0.25614437,
        "min_ms": 0.252821,
        "max_ms": 0.26313999
    },
    "TextTransform": {
        "mid_ms": 0.132747,
        "avg_ms": 0.13448642,
        "min_ms": 0.13272798,
        "max_ms": 0.142396
    },
    "Translate": {
        "mid_ms": 0.120474,
        "avg_ms": 0.12175621,
        "min_ms": 0.120454,
        "max_ms": 0.12963099
    },
    "WideTextOutLength": {
        "mid_ms": 175.2116385,
        "avg_ms": 175.33316077,
        "min_ms": 174.98188199,
        "max_ms": 175.577112
    }
}