{
	"Clear":	{
		"mid_ms":	5.663591,
		"avg_ms":	5.68626403,
		"min_ms":	5.61303999,
		"max_ms":	5.77507399,
		"std_dev":	0.06644955,
		"cv":	0.01168597,
		"iterations":	96,
		"total_time_ms":	1269.818459
	},
	"Clip":	{
		"mid_ms":	0.03948999,
		"avg_ms":	0.03940168,
		"min_ms":	0.038748,
		"max_ms":	0.03995,
		"std_dev":	0.0003746,
		"cv":	0.00950721,
		"iterations":	500,
		"total_time_ms":	3502.899767
	},
	"ClipPath":	{
		"mid_ms":	11.28656599,
		"avg_ms":	11.29283387,
		"min_ms":	11.27045599,
		"max_ms":	11.34547899,
		"std_dev":	0.0192004,
		"cv":	0.00170022,
		"iterations":	82,
		"total_time_ms":	1587.45751699
	},
	"ClipRect":	{
		"mid_ms":	11.670007,
		"avg_ms":	11.675216,
		"min_ms":	11.65107799,
		"max_ms":	11.7116,
		"std_dev":	0.01577374,
		"cv":	0.00135104,
		"iterations":	79,
		"total_time_ms":	1564.47269599
	},
	"ClipRects":	{
		"mid_ms":	17.014754,
		"avg_ms":	17.0220928,
		"min_ms":	17.00037199,
		"max_ms":	17.06013198,
		"std_dev":	0.0183279,
		"cv":	0.00107671,
		"iterations":	56,
		"total_time_ms":	1469.514714
	},
	"DrawText":	{
		"mid_ms":	127.306593,
		"avg_ms":	127.33093681,
		"min_ms":	127.147161,
		"max_ms":	127.49660999,
		"std_dev":	0.10185236,
		"cv":	0.0007999,
		"iterations":	20,
		"total_time_ms":	3375.599802
	},
	"Fill":	{
		"mid_ms":	0.39209899,
		"avg_ms":	0.39402578,
		"min_ms":	0.385409,
		"max_ms":	0.40489899,
		"std_dev":	0.00619372,
		"cv":	0.01571909,
		"iterations":	500,
		"total_time_ms":	3797.67217799
	},
	"GetFontInfo":	{
		"mid_ms":	0.13035599,
		"avg_ms":	0.13151826,
		"min_ms":	0.12912399,
		"max_ms":	0.142955,
		"std_dev":	0.00350692,
		"cv":	0.02666495,
		"iterations":	500,
		"total_time_ms":	3543.156046
	},
	"GetGlyph":	{
		"mid_ms":	0.0927445,
		"avg_ms":	0.09274886,
		"min_ms":	0.09207899,
		"max_ms":	0.09373099,
		"std_dev":	0.00037889,
		"cv":	0.00408521,
		"iterations":	500,
		"total_time_ms":	3521.487941
	},
	"GetPathFromGlyph":	{
		"mid_ms":	3.48247699,
		"avg_ms":	3.48136569,
		"min_ms":	3.443558,
		"max_ms":	3.51987299,
		"std_dev":	0.02106054,
		"cv":	0.0060495,
		"iterations":	214,
		"total_time_ms":	2317.19184
	},
	"GetTextExtent":	{
		"mid_ms":	0.28546,
		"avg_ms":	0.2882261,
		"min_ms":	0.28419699,
		"max_ms":	0.29832799,
		"std_dev":	0.00515246,
		"cv":	0.01787646,
		"iterations":	500,
		"total_time_ms":	3629.040866
	},
	"GlyphGetExtent":	{
		"mid_ms":	0.02695,
		"avg_ms":	0.02693018,
		"min_ms":	0.02662999,
		"max_ms":	0.027221,
		"std_dev":	0.00014529,
		"cv":	0.00539535,
		"iterations":	500,
		"total_time_ms":	3558.02740199
	},
	"Paint":	{
		"mid_ms":	0.849548,
		"avg_ms":	0.84962516,
		"min_ms":	0.838481,
		"max_ms":	0.858741,
		"std_dev":	0.0042858,
		"cv":	0.00504435,
		"iterations":	424,
		"total_time_ms":	3331.760363
	},
	"ResetClip":	{
		"mid_ms":	0.065073,
		"avg_ms":	0.06493519,
		"min_ms":	0.064016,
		"max_ms":	0.065819,
		"std_dev":	0.00051121,
		"cv":	0.00787268,
		"iterations":	500,
		"total_time_ms":	3570.89730199
	},
	"ResetLineDash":	{
		"mid_ms":	0.05702599,
		"avg_ms":	0.05699561,
		"min_ms":	0.056445,
		"max_ms":	0.05755699,
		"std_dev":	0.00025705,
		"cv":	0.00451006,
		"iterations":	500,
		"total_time_ms":	3525.648307
	},
	"ResetShadow":	{
		"mid_ms":	0.05303499,
		"avg_ms":	0.05305183,
		"min_ms":	0.05276899,
		"max_ms":	0.053761,
		"std_dev":	0.00022854,
		"cv":	0.00430793,
		"iterations":	500,
		"total_time_ms":	3496.25764999
	},
	"SaveRestore":	{
		"mid_ms":	0.25394199,
		"avg_ms":	0.25652951,
		"min_ms":	0.25279997,
		"max_ms":	0.26704098,
		"std_dev":	0.00496689,
		"cv":	0.01936189,
		"iterations":	500,
		"total_time_ms":	3631.66899
	},
	"Scale":	{
		"mid_ms":	0.15093799,
		"avg_ms":	0.15184023,
		"min_ms":	0.150537,
		"max_ms":	0.16206399,
		"std_dev":	0.00258814,
		"cv":	0.01704518,
		"iterations":	500,
		"total_time_ms":	3576.02259899
	},
	"ScissorRect":	{
		"mid_ms":	0.07915949,
		"avg_ms":	0.07913265,
		"min_ms":	0.07809799,
		"max_ms":	0.081222,
		"std_dev":	0.00068184,
		"cv":	0.00861652,
		"iterations":	500,
		"total_time_ms":	3522.997837
	},
	"SetAlpha":	{
		"mid_ms":	0.15396199,
		"avg_ms":	0.15378764,
		"min_ms":	0.150767,
		"max_ms":	0.16330599,
		"std_dev":	0.00244138,
		"cv":	0.01587502,
		"iterations":	500,
		"total_time_ms":	3545.602016
	},
	"SetAntialias":	{
		"mid_ms":	19.99148999,
		"avg_ms":	19.99778016,
		"min_ms":	19.978179,
		"max_ms":	20.04209499,
		"std_dev":	0.01751482,
		"cv":	0.00087583,
		"iterations":	45,
		"total_time_ms":	1352.462056
	},
	"SetBlur":	{
		"mid_ms":	0.15096699,
		"avg_ms":	0.1516325,
		"min_ms":	0.15053599,
		"max_ms":	0.16235399,
		"std_dev":	0.0024762,
		"cv":	0.01633027,
		"iterations":	500,
		"total_time_ms":	3550.49744
	},
	"SetCompositeOperator":	{
		"mid_ms":	0.15085699,
		"avg_ms":	0.1520916,
		"min_ms":	0.15055699,
		"max_ms":	0.16276499,
		"std_dev":	0.00347948,
		"cv":	0.02287757,
		"iterations":	500,
		"total_time_ms":	3566.04793499
	},
	"SetFillRule":	{
		"mid_ms":	0.116705,
		"avg_ms":	0.117983,
		"min_ms":	0.11582399,
		"max_ms":	0.12801199,
		"std_dev":	0.00220045,
		"cv":	0.01865064,
		"iterations":	500,
		"total_time_ms":	3530.130922
	},
	"SetFilter":	{
		"mid_ms":	0.15073598,
		"avg_ms":	0.15160636,
		"min_ms":	0.15034599,
		"max_ms":	0.162474,
		"std_dev":	0.00301762,
		"cv":	0.01990434,
		"iterations":	500,
		"total_time_ms":	3553.66091499
	},
	"SetFont":	{
		"mid_ms":	0.12501799,
		"avg_ms":	0.12548534,
		"min_ms":	0.124638,
		"max_ms":	0.13654499,
		"std_dev":	0.00218979,
		"cv":	0.01745058,
		"iterations":	500,
		"total_time_ms":	3548.937029
	},
	"SetGamma":	{
		"mid_ms":	58.19603899,
		"avg_ms":	58.19157312,
		"min_ms":	58.11270899,
		"max_ms":	58.27837799,
		"std_dev":	0.05188413,
		"cv":	0.0008916,
		"iterations":	20,
		"total_time_ms":	1638.12647399
	},
	"SetLineCap":	{
		"mid_ms":	0.168153,
		"avg_ms":	0.16936164,
		"min_ms":	0.167852,
		"max_ms":	0.18041199,
		"std_dev":	0.00345951,
		"cv":	0.02042679,
		"iterations":	500,
		"total_time_ms":	3552.40595899
	},
	"SetLineDash":	{
		"mid_ms":	0.200532,
		"avg_ms":	0.20246299,
		"min_ms":	0.19975099,
		"max_ms":	0.2127,
		"std_dev":	0.0042969,
		"cv":	0.02122313,
		"iterations":	500,
		"total_time_ms":	3587.266489
	},
	"SetLineInnerJoin":	{
		"mid_ms":	0.105409,
		"avg_ms":	0.10585655,
		"min_ms":	0.105038,
		"max_ms":	0.117106,
		"std_dev":	0.00209821,
		"cv":	0.0198213,
		"iterations":	500,
		"total_time_ms":	3572.177702
	},
	"SetLineJoin":	{
		"mid_ms":	0.19632499,
		"avg_ms":	0.19700493,
		"min_ms":	0.19586399,
		"max_ms":	0.20811299,
		"std_dev":	0.00259401,
		"cv":	0.01316728,
		"iterations":	500,
		"total_time_ms":	3568.07120899
	},
	"SetLineWidth":	{
		"mid_ms":	0.15094199,
		"avg_ms":	0.15253998,
		"min_ms":	0.15054699,
		"max_ms":	0.16269399,
		"std_dev":	0.00281257,
		"cv":	0.01843824,
		"iterations":	500,
		"total_time_ms":	3552.258579
	},
	"SetMiterLimit":	{
		"mid_ms":	0.101873,
		"avg_ms":	0.10219681,
		"min_ms":	0.101663,
		"max_ms":	0.11305999,
		"std_dev":	0.00166586,
		"cv":	0.01630055,
		"iterations":	500,
		"total_time_ms":	3536.472924
	},
	"SetPath":	{
		"mid_ms":	0.360648,
		"avg_ms":	0.36548737,
		"min_ms":	0.359771,
		"max_ms":	0.37531499,
		"std_dev":	0.00579794,
		"cv":	0.0158636,
		"iterations":	500,
		"total_time_ms":	3770.98009
	},
	"SetShadow":	{
		"mid_ms":	0.056835,
		"avg_ms":	0.05681592,
		"min_ms":	0.05648499,
		"max_ms":	0.05723599,
		"std_dev":	0.00018313,
		"cv":	0.00322329,
		"iterations":	500,
		"total_time_ms":	3589.888836
	},
	"SetShadowColor":	{
		"mid_ms":	0.053291,
		"avg_ms":	0.05326625,
		"min_ms":	0.05282099,
		"max_ms":	0.053691,
		"std_dev":	0.00022205,
		"cv":	0.00416868,
		"iterations":	500,
		"total_time_ms":	3524.369561
	},
	"SetSourceCanvas":	{
		"mid_ms":	0.13721649,
		"avg_ms":	0.13782559,
		"min_ms":	0.13672599,
		"max_ms":	0.14877299,
		"std_dev":	0.00249182,
		"cv":	0.01807955,
		"iterations":	500,
		"total_time_ms":	3539.830189
	},
	"SetSourceColor":	{
		"mid_ms":	0.05335999,
		"avg_ms":	0.05336315,
		"min_ms":	0.05296999,
		"max_ms":	0.05381999,
		"std_dev":	0.00021886,