{
    "PathAddArc": {
        "mid_ms": 1.24891249,
        "avg_ms": 1.25146662,
        "min_ms": 1.24459399,
        "max_ms": 1.25798899
    },
    "PathAddEllipse": {
        "mid_ms": 2.42029,
        "avg_ms": 2.42627031,
        "min_ms": 2.41424899,
        "max_ms": 2.43972699
    },
    "PathAddLine": {
        "mid_ms": 0.175989,
        "avg_ms": 0.17855976,
        "min_ms": 0.17596799,
        "max_ms": 0.18601799
    },
    "PathAddRect": {
        "mid_ms": 0.27481098,
        "avg_ms": 0.2737658,
        "min_ms": 0.26549399,
        "max_ms": 0.28550999
    },
    "PathAddRoundedRect": {
        "mid_ms": 1.25807899,
        "avg_ms": 1.26749585,
        "min_ms": 1.253149,
        "max_ms": 1.27122198
    },
    "PathAddSubPath": {
        "mid_ms": 0.17151,
        "avg_ms": 0.17350582,
        "min_ms": 0.17142,
        "max_ms": 0.18129
    },
    "PathArcOperations": {
        "mid_ms": 5.79150699,
        "avg_ms": 5.80132273,
        "min_ms": 5.780563,
        "max_ms": 5.824248
    },
    "PathBezierOperations": {
        "mid_ms": 2.468152,
        "avg_ms": 2.47519294,
        "min_ms": 2.460423,
        "max_ms": 2.49572899
    },
    "PathBoundingRect": {
        "mid_ms": 5.685542,
        "avg_ms": 5.71913727,
        "min_ms": 5.67682499,
        "max_ms": 5.73309999
    },
    "PathBuildingMoveLine": {
        "mid_ms": 0.2169145,
        "avg_ms": 0.22040636,
        "min_ms": 0.21620199,
        "max_ms": 0.22723299
    },
    "PathClearOperations": {
        "mid_ms": 3.81834649,
        "avg_ms": 3.79339528,
        "min_ms": 3.66571099,
        "max_ms": 3.91149099
    },
    "PathClippingOperations": {
        "mid_ms": 3.96975649,
        "avg_ms": 3.97799588,
        "min_ms": 3.954654,
        "max_ms": 4.009676
    },
    "PathComplexBuildingStress": {
        "mid_ms": 5.394572,
        "avg_ms": 5.39894073,
        "min_ms": 5.387514,
        "max_ms": 5.41028699
    },
    "PathComplexClipping": {
        "mid_ms": 0.15805399,
        "avg_ms": 0.16129966,
        "min_ms": 0.15797399,
        "max_ms": 0.167878
    },
    "PathContainsManyPoints": {
        "mid_ms": 40.03314149,
        "avg_ms": 40.34863155,
        "min_ms": 39.733839,
        "max_ms": 40.905122
    },
    "PathContainsTest": {
        "mid_ms": 5.84355899,
        "avg_ms": 5.83902542,
        "min_ms": 5.69042099,
        "max_ms": 5.967181
    },
    "PathCreateCopy": {
        "mid_ms": 0.22393349,
        "avg_ms": 0.23238357,
        "min_ms": 0.22385799,
        "max_ms": 0.23485799
    },
    "PathCreateDestroy": {
        "mid_ms": 0.3860165,
        "avg_ms": 0.39344522,
        "min_ms": 0.38583599,
        "max_ms": 0.39821
    },
    "PathErrorHandling": {
        "mid_ms": 1.211076,
        "avg_ms": 1.21512216,
        "min_ms": 1.20955299,
        "max_ms": 1.221495
    },
    "PathLengthCalculation": {
        "mid_ms": 31.03102899,
        "avg_ms": 31.71696911,
        "min_ms": 30.933403,
        "max_ms": 32.72087399
    },
    "PathMemoryStress": {
        "mid_ms": 0.671456,
        "avg_ms": 0.6716833,
        "min_ms": 0.66151099,
        "max_ms": 0.67877399
    },
    "PathQuadOperations": {
        "mid_ms": 1.57436249,
        "avg_ms": 1.57661946,
        "min_ms": 1.566623,
        "max_ms": 1.58387499
    },
    "PathQueryOperations": {
        "mid_ms": 5.84879,
        "avg_ms": 5.85892405,
        "min_ms": 5.84284299,
        "max_ms": 5.889307
    },
    "PathReferenceOperations": {
        "mid_ms": 0.872823,
        "avg_ms": 0.87439161,
        "min_ms": 0.86426799,
        "max_ms": 0.875838
    },
    "PathStrokeContainsTest": {
        "mid_ms": 16.58541298,
        "avg_ms": 16.60919207,
        "min_ms": 16.547978,
        "max_ms": 16.64626299
    },
    "PathSubCloseOperations": {
        "mid_ms": 0.45140299,
        "avg_ms": 0.45555424,
        "min_ms": 0.447535,
        "max_ms": 0.46075
    },
    "PathTangentArcOperations": {
        "mid_ms": 1.279689,
        "avg_ms": 1.2821855,
        "min_ms": 1.276423,
        "max_ms": 1.28873599
    },
    "PathTransformStress": {
        "mid_ms": 6.339377,
        "avg_ms": 6.34892058,
        "min_ms": 6.33278499,
        "max_ms": 6.36302099
    },
    "PathVertexEnumeration": {
        "mid_ms": 10.58825699,
        "avg_ms": 10.6103176,
        "min_ms": 10.577137,
        "max_ms": 10.63453599
    },
    "PathVertexOperations": {
        "mid_ms": 2.65187699,
        "avg_ms": 2.65438546,
        "min_ms": 2.64397099,
        "max_ms": 2.66322999
    }
}