{
    "PathAddArc": {
        "mid_ms": 1.25026449,
        "avg_ms": 1.25401772,
        "min_ms": 1.246742,
        "max_ms": 1.26063999
    },
    "PathAddEllipse": {
        "mid_ms": 2.42083799,
        "avg_ms": 2.42446292,
        "min_ms": 2.41484699,
        "max_ms": 2.42776099
    },
    "PathAddLine": {
        "mid_ms": 0.175989,
        "avg_ms": 0.17855976,
        "min_ms": 0.17596799,
        "max_ms": 0.18601799
    },
    "PathAddRect": {
        "mid_ms": 0.277994,
        "avg_ms": 0.27917602,
        "min_ms": 0.271802,
        "max_ms": 0.287752
    },
    "PathAddRoundedRect": {
        "mid_ms": 1.25807899,
        "avg_ms": 1.26749585,
        "min_ms": 1.253149,
        "max_ms": 1.27122198
    },
    "PathAddSubPath": {
        "mid_ms": 0.17151,
        "avg_ms": 0.17350582,
        "min_ms": 0.17142,
        "max_ms": 0.18129
    },
    "PathArcOperations": {
        "mid_ms": 5.79150699,
        "avg_ms": 5.80132273,
        "min_ms": 5.780563,
        "max_ms": 5.824248
    },
    "PathBezierOperations": {
        "mid_ms": 2.468152,
        "avg_ms": 2.47519294,
        "min_ms": 2.460423,
        "max_ms": 2.49572899
    },
    "PathBoundingRect": {
        "mid_ms": 5.687017,
        "avg_ms": 5.70253696,
        "min_ms": 5.67824599,
        "max_ms": 5.73987
    },
    "PathBuildingMoveLine": {
        "mid_ms": 0.2169145,
        "avg_ms": 0.22040636,
        "min_ms": 0.21620199,
        "max_ms": 0.22723299
    },
    "PathClearOperations": {
        "mid_ms": 3.81834649,
        "avg_ms": 3.79339528,
        "min_ms": 3.66571099,
        "max_ms": 3.91149099
    },
    "PathClippingOperations": {
        "mid_ms": 3.97814349,
        "avg_ms": 3.98389796,
        "min_ms": 3.96789199,
        "max_ms": 3.99776399
    },
    "PathComplexBuildingStress": {
        "mid_ms": 5.394572,
        "avg_ms": 5.39894073,
        "min_ms": 5.387514,
        "max_ms": 5.41028699
    },
    "PathComplexClipping": {
        "mid_ms": 0.15805399,
        "avg_ms": 0.16129966,
        "min_ms": 0.15797399,
        "max_ms": 0.167878
    },
    "PathContainsManyPoints": {
        "mid_ms": 40.03314149,
        "avg_ms": 40.34863155,
        "min_ms": 39.733839,
        "max_ms": 40.905122
    },
    "PathContainsTest": {
        "mid_ms": 5.84355899,
        "avg_ms": 5.83902542,
        "min_ms": 5.69042099,
        "max_ms": 5.967181
    },
    "PathCreateCopy": {
        "mid_ms": 0.22393349,
        "avg_ms": 0.23238357,
        "min_ms": 0.22385799,
        "max_ms": 0.23485799
    },
    "PathCreateDestroy": {
        "mid_ms": 0.3860165,
        "avg_ms": 0.39344522,
        "min_ms": 0.38583599,
        "max_ms": 0.39821
    },
    "PathErrorHandling": {
        "mid_ms": 1.211076,
        "avg_ms": 1.21512216,
        "min_ms": 1.20955299,
        "max_ms": 1.221495
    },
    "PathLengthCalculation": {
        "mid_ms": 32.65560349,
        "avg_ms": 32.20933294,
        "min_ms": 30.944144,
        "max_ms": 32.73360499
    },
    "PathMemoryStress": {
        "mid_ms": 0.671456,
        "avg_ms": 0.6716833,
        "min_ms": 0.66151099,
        "max_ms": 0.67877399
    },
    "PathQuadOperations": {
        "mid_ms": 1.57607199,
        "avg_ms": 1.5791517,
        "min_ms": 1.56826199,
        "max_ms": 1.593309
    },
    "PathQueryOperations": {
        "mid_ms": 5.84879,
        "avg_ms": 5.85892405,
        "min_ms": 5.84284299,
        "max_ms": 5.889307
    },
    "PathReferenceOperations": {
        "mid_ms": 0.87288299,
        "avg_ms": 0.87341465,
        "min_ms": 0.86550899,
        "max_ms": 0.87503699
    },
    "PathStrokeContainsTest": {
        "mid_ms": 16.58541298,
        "avg_ms": 16.60919207,
        "min_ms": 16.547978,
        "max_ms": 16.64626299
    },
    "PathSubCloseOperations": {
        "mid_ms": 0.45140299,
        "avg_ms": 0.45555424,
        "min_ms": 0.447535,
        "max_ms": 0.46075
    },
    "PathTangentArcOperations": {
        "mid_ms": 1.279689,
        "avg_ms": 1.2821855,
        "min_ms": 1.276423,
        "max_ms": 1.28873599
    },
    "PathTransformStress": {
        "mid_ms": 6.34692699,
        "avg_ms": 6.36356808,
        "min_ms": 6.337294,
        "max_ms": 6.380665
    },
    "PathVertexEnumeration": {
        "mid_ms": 10.58825699,
        "avg_ms": 10.6103176,
        "min_ms": 10.577137,
        "max_ms": 10.63453599
    },
    "PathVertexOperations": {
        "mid_ms": 2.65187699,
        "avg_ms": 2.65438546,
        "min_ms": 2.64397099,
        "max_ms": 2.66322999
    }
}