{
    "PathAddArc": {
        "mid_ms": 1.25026449,
        "avg_ms": 1.25401772,
        "min_ms": 1.246742,
        "max_ms": 1.26063999
    },
    "PathAddEllipse": {
        "mid_ms": 2.42083799,
        "avg_ms": 2.42446292,
        "min_ms": 2.41484699,
        "max_ms": 2.42776099
    },
    "PathAddLine": {
        "mid_ms": 0.175989,
        "avg_ms": 0.17855976,
        "min_ms": 0.17596799,
        "max_ms": 0.18601799
    },
    "PathAddRect": {
        "mid_ms": 0.277994,
        "avg_ms": 0.27917602,
        "min_ms": 0.271802,
        "max_ms": 0.287752
    },
    "PathAddRoundedRect": {
        "mid_ms": 1.25807899,
        "avg_ms": 1.26749585,
        "min_ms": 1.253149,
        "max_ms": 1.27122198
    },
    "PathAddSubPath": {
        "mid_ms": 0.17151,
        "avg_ms": 0.17350582,
        "min_ms": 0.17142,
        "max_ms": 0.18129
    },
    "PathArcOperations": {
        "mid_ms": 5.8573585,
        "avg_ms": 5.86146317,
        "min_ms": 5.82321899,
        "max_ms": 5.903299
    },
    "PathBezierOperations": {
        "mid_ms": 2.49412048,
        "avg_ms": 2.49702409,
        "min_ms": 2.486411,
        "max_ms": 2.505376
    },
    "PathBoundingRect": {
        "mid_ms": 5.6873415,
        "avg_ms": 5.69549594,
        "min_ms": 5.67872999,
        "max_ms": 5.711571
    },
    "PathBuildingMoveLine": {
        "mid_ms": 0.22226499,
        "avg_ms": 0.22464267,
        "min_ms": 0.22221399,
        "max_ms": 0.231902
    },
    "PathClearOperations": {
        "mid_ms": 3.9606585,
        "avg_ms": 3.90047079,
        "min_ms": 3.80943099,
        "max_ms": 3.983015
    },
    "PathClippingOperations": {
        "mid_ms": 3.97814349,
        "avg_ms": 3.98389796,
        "min_ms": 3.96789199,
        "max_ms": 3.99776399
    },
    "PathComplexBuildingStress": {
        "mid_ms": 5.394572,
        "avg_ms": 5.39894073,
        "min_ms": 5.387514,
        "max_ms": 5.41028699
    },
    "PathComplexClipping": {
        "mid_ms": 0.15805399,
        "avg_ms": 0.16129966,
        "min_ms": 0.15797399,
        "max_ms": 0.167878
    },
    "PathContainsManyPoints": {
        "mid_ms": 41.4704395,
        "avg_ms": 41.43663909,
        "min_ms": 41.28126399,
        "max_ms": 41.58522199
    },
    "PathContainsTest": {
        "mid_ms": 5.84355899,
        "avg_ms": 5.83902542,
        "min_ms": 5.69042099,
        "max_ms": 5.967181
    },
    "PathCreateCopy": {
        "mid_ms": 0.22393349,
        "avg_ms": 0.23238357,
        "min_ms": 0.22385799,
        "max_ms": 0.23485799
    },
    "PathCreateDestroy": {
        "mid_ms": 0.3860165,
        "avg_ms": 0.39344522,
        "min_ms": 0.38583599,
        "max_ms": 0.39821
    },
    "PathErrorHandling": {
        "mid_ms": 1.21708199,
        "avg_ms": 1.2214174,
        "min_ms": 1.21561999,
        "max_ms": 1.22827299
    },
    "PathLengthCalculation": {
        "mid_ms": 32.65560349,
        "avg_ms": 32.20933294,
        "min_ms": 30.944144,
        "max_ms": 32.73360499
    },
    "PathMemoryStress": {
        "mid_ms": 0.67759299,
        "avg_ms": 0.6769813,
        "min_ms": 0.667203,
        "max_ms": 0.68394499
    },
    "PathQuadOperations": {
        "mid_ms": 1.58353599,
        "avg_ms": 1.58328241,
        "min_ms": 1.575496,
        "max_ms": 1.58921199
    },
    "PathQueryOperations": {
        "mid_ms": 5.84879,
        "avg_ms": 5.85892405,
        "min_ms": 5.84284299,
        "max_ms": 5.889307
    },
    "PathReferenceOperations": {
        "mid_ms": 0.87288299,
        "avg_ms": 0.87341465,
        "min_ms": 0.86550899,
        "max_ms": 0.87503699
    },
    "PathStrokeContainsTest": {
        "mid_ms": 16.58541298,
        "avg_ms": 16.60919207,
        "min_ms": 16.547978,
        "max_ms": 16.64626299
    },
    "PathSubCloseOperations": {
        "mid_ms": 0.45140299,
        "avg_ms": 0.45555424,
        "min_ms": 0.447535,
        "max_ms": 0.46075
    },
    "PathTangentArcOperations": {
        "mid_ms": 1.279689,
        "avg_ms": 1.2821855,
        "min_ms": 1.276423,
        "max_ms": 1.28873599
    },
    "PathTransformStress": {
        "mid_ms": 6.34737849,
        "avg_ms": 6.38787029,
        "min_ms": 6.33776099,
        "max_ms": 6.64436299
    },
    "PathVertexEnumeration": {
        "mid_ms": 10.58825699,
        "avg_ms": 10.6103176,
        "min_ms": 10.577137,
        "max_ms": 10.63453599
    },
    "PathVertexOperations": {
        "mid_ms": 2.65187699,
        "avg_ms": 2.65438546,
        "min_ms": 2.64397099,
        "max_ms": 2.66322999
    }
}