{
	"PathAddArc":	{
		"mid_ms":	1.172503,
		"avg_ms":	1.17413525,
		"min_ms":	1.16929699,
		"max_ms":	1.184661,
		"std_dev":	0.00405567,
		"cv":	0.00345418,
		"iterations":	363,
		"total_time_ms":	2975.64591499
	},
	"PathAddEllipse":	{
		"mid_ms":	2.1375335,
		"avg_ms":	2.13889688,
		"min_ms":	2.12792899,
		"max_ms":	2.156873,
		"std_dev":	0.00723356,
		"cv":	0.00338191,
		"iterations":	254,
		"total_time_ms":	2365.16720299
	},
	"PathAddLine":	{
		"mid_ms":	0.19677599,
		"avg_ms":	0.1983448,
		"min_ms":	0.196044,
		"max_ms":	0.208884,
		"std_dev":	0.00395424,
		"cv":	0.01993622,
		"iterations":	500,
		"total_time_ms":	3570.054858
	},
	"PathAddRect":	{
		"mid_ms":	0.288739,
		"avg_ms":	0.28923844,
		"min_ms":	0.284098,
		"max_ms":	0.29909999,
		"std_dev":	0.00470183,
		"cv":	0.01625597,
		"iterations":	500,
		"total_time_ms":	3625.46098199
	},
	"PathAddRoundedRect":	{
		"mid_ms":	1.265603,
		"avg_ms":	1.26686048,
		"min_ms":	1.26059499,
		"max_ms":	1.278011,
		"std_dev":	0.00473322,
		"cv":	0.00373618,
		"iterations":	361,
		"total_time_ms":	3000.50868699
	},
	"PathAddSubPath":	{
		"mid_ms":	0.19387099,
		"avg_ms":	0.1950467,
		"min_ms":	0.19278,
		"max_ms":	0.205719,
		"std_dev":	0.00350379,
		"cv":	0.01796389,
		"iterations":	500,
		"total_time_ms":	3564.58198299
	},
	"PathArcOperations":	{
		"mid_ms":	6.189495,
		"avg_ms":	6.19571623,
		"min_ms":	6.17461299,
		"max_ms":	6.250066,
		"std_dev":	0.01873518,
		"cv":	0.00302389,
		"iterations":	135,
		"total_time_ms":	1892.91495499
	},
	"PathBezierOperations":	{
		"mid_ms":	2.56952298,
		"avg_ms":	2.57059004,
		"min_ms":	2.55863699,
		"max_ms":	2.588412,
		"std_dev":	0.00756569,
		"cv":	0.00294317,
		"iterations":	249,
		"total_time_ms":	2435.74116
	},
	"PathBoundingRect":	{
		"mid_ms":	6.13557399,
		"avg_ms":	6.13931021,
		"min_ms":	6.128003,
		"max_ms":	6.18453799,
		"std_dev":	0.01043769,
		"cv":	0.00170014,
		"iterations":	139,
		"total_time_ms":	1947.322192
	},
	"PathBuildingMoveLine":	{
		"mid_ms":	0.24881399,
		"avg_ms":	0.25029394,
		"min_ms":	0.24594,
		"max_ms":	0.260913,
		"std_dev":	0.00374032,
		"cv":	0.01494373,
		"iterations":	500,
		"total_time_ms":	3603.68256799
	},
	"PathClearOperations":	{
		"mid_ms":	4.145538,
		"avg_ms":	4.18876257,
		"min_ms":	4.13343497,
		"max_ms":	4.31782198,
		"std_dev":	0.07002659,
		"cv":	0.01671771,
		"iterations":	192,
		"total_time_ms":	2229.63217099
	},
	"PathClippingOperations":	{
		"mid_ms":	3.83785,
		"avg_ms":	3.83855312,
		"min_ms":	3.82645299,
		"max_ms":	3.86500199,
		"std_dev":	0.00746021,
		"cv":	0.00194349,
		"iterations":	179,
		"total_time_ms":	2024.389401
	},
	"PathComplexBuildingStress":	{
		"mid_ms":	5.46314399,
		"avg_ms":	5.46548585,
		"min_ms":	5.44812099,
		"max_ms":	5.50207099,
		"std_dev":	0.01243023,
		"cv":	0.00227431,
		"iterations":	141,
		"total_time_ms":	1861.948487
	},
	"PathComplexClipping":	{
		"mid_ms":	0.1727845,
		"avg_ms":	0.17376685,
		"min_ms":	0.17113699,
		"max_ms":	0.18438699,
		"std_dev":	0.00321624,
		"cv":	0.01850894,
		"iterations":	500,
		"total_time_ms":	3607.40164899
	},
	"PathContainsManyPoints":	{
		"mid_ms":	43.35360849,
		"avg_ms":	43.35664411,
		"min_ms":	43.32495599,
		"max_ms":	43.40527599,
		"std_dev":	0.02274337,
		"cv":	0.00052456,
		"iterations":	22,
		"total_time_ms":	1364.24447699
	},
	"PathContainsTest":	{
		"mid_ms":	5.540821,
		"avg_ms":	5.54257127,
		"min_ms":	5.519889,
		"max_ms":	5.582644,
		"std_dev":	0.01537314,
		"cv":	0.00277364,
		"iterations":	131,
		"total_time_ms":	1748.78111599
	},
	"PathCreateCopy":	{
		"mid_ms":	0.243756,
		"avg_ms":	0.24274834,
		"min_ms":	0.23683599,
		"max_ms":	0.255874,
		"std_dev":	0.00563238,
		"cv":	0.02320255,
		"iterations":	500,
		"total_time_ms":	3678.981264
	},
	"PathCreateDestroy":	{
		"mid_ms":	0.4034715,
		"avg_ms":	0.40760277,
		"min_ms":	0.40215399,
		"max_ms":	0.41608499,
		"std_dev":	0.00569601,
		"cv":	0.01397442,
		"iterations":	500,
		"total_time_ms":	3680.559677
	},
	"PathErrorHandling":	{
		"mid_ms":	1.27197199,
		"avg_ms":	1.27272045,
		"min_ms":	1.26737499,
		"max_ms":	1.281417,
		"std_dev":	0.00400727,
		"cv":	0.00314859,
		"iterations":	357,
		"total_time_ms":	2969.20673799
	},
	"PathLengthCalculation":	{
		"mid_ms":	33.045881,
		"avg_ms":	33.05807625,
		"min_ms":	33.00784499,
		"max_ms":	33.21185099,
		"std_dev":	0.05114855,
		"cv":	0.00154723,
		"iterations":	30,
		"total_time_ms":	1406.75605199
	},
	"PathMemoryStress":	{
		"mid_ms":	0.81970249,
		"avg_ms":	0.81971813,
		"min_ms":	0.808726,
		"max_ms":	0.828216,
		"std_dev":	0.00440641,
		"cv":	0.00537552,
		"iterations":	450,
		"total_time_ms":	3514.287192
	},
	"PathQuadOperations":	{
		"mid_ms":	1.6039015,
		"avg_ms":	1.60320805,
		"min_ms":	1.59320599,
		"max_ms":	1.619584,
		"std_dev":	0.00582132,
		"cv":	0.00363104,
		"iterations":	324,
		"total_time_ms":	2814.43057399
	},
	"PathQueryOperations":	{
		"mid_ms":	6.19914999,
		"avg_ms":	6.20133572,
		"min_ms":	6.191599,
		"max_ms":	6.22484799,
		"std_dev":	0.00786149,
		"cv":	0.00126771,
		"iterations":	136,
		"total_time_ms":	1907.72344799
	},
	"PathReferenceOperations":	{
		"mid_ms":	0.987805,
		"avg_ms":	0.98853431,
		"min_ms":	0.986293,
		"max_ms":	0.995276,
		"std_dev":	0.0020537,
		"cv":	0.00207751,
		"iterations":	421,
		"total_time_ms":	3377.136025
	},
	"PathStrokeContainsTest":	{
		"mid_ms":	17.51131949,
		"avg_ms":	17.51651686,
		"min_ms":	17.48779399,
		"max_ms":	17.548495,
		"std_dev":	0.01805457,
		"cv":	0.00103071,
		"iterations":	54,
		"total_time_ms":	1447.39816599
	},
	"PathSubCloseOperations":	{
		"mid_ms":	0.507623,
		"avg_ms":	0.50514952,
		"min_ms":	0.49691699,
		"max_ms":	0.51289099,
		"std_dev":	0.00548621,
		"cv":	0.01086057,
		"iterations":	500,
		"total_time_ms":	3727.667046
	},
	"PathTangentArcOperations":	{
		"mid_ms":	1.305763,
		"avg_ms":	1.30746926,
		"min_ms":	1.301646,
		"max_ms":	1.31847199,
		"std_dev":	0.00457939,
		"cv":	0.00350248,
		"iterations":	358,
		"total_time_ms":	3003.310196
	},
	"PathTransformStress":	{
		"mid_ms":	8.16503499,
		"avg_ms":	8.16629625,
		"min_ms":	8.15636199,
		"max_ms":	8.189091,
		"std_dev":	0.0077429,
		"cv":	0.00094815,
		"iterations":	122,
		"total_time_ms":	1988.408434
	},
	"PathVertexEnumeration":	{
		"mid_ms":	11.619295,
		"avg_ms":	11.62204827,
		"min_ms":	11.60795399,
		"max_ms":	11.655385,
		"std_dev":	0.01102528,
		"cv":	0.00094865,
		"iterations":	82,
		"total_time_ms":	1617.935457
	},
	"PathVertexOperations":	{
		"mid_ms":	2.82245349,
		"avg_ms":	2.82274211,
		"min_ms":	2.81294899,
		"max_ms":	2.832718,
		"std_dev":	0.00373745,
		"cv":	0.00132405,
		"iterations":	240,
		"total_time_ms":	2439.28397399
	}
}