{
	"PathAddArc":	{
		"mid_ms":	1.3059470000058582,
		"avg_ms":	1.3109122549994368,
		"min_ms":	1.3025610000170218,
		"max_ms":	1.3202439999986382
	},
	"PathAddEllipse":	{
		"mid_ms":	2.4224320000030275,
		"avg_ms":	2.4241182200010769,
		"min_ms":	2.4153389999810315,
		"max_ms":	2.4323809999771129
	},
	"PathAddLine":	{
		"mid_ms":	0.17598900001303264,
		"avg_ms":	0.17855976500143811,
		"min_ms":	0.17596799997932067,
		"max_ms":	0.18601799999373725
	},
	"PathAddRect":	{
		"mid_ms":	0.279446499988012,
		"avg_ms":	0.28424167999972383,
		"min_ms":	0.27936099999692487,
		"max_ms":	0.28989099999421342
	},
	"PathAddRoundedRect":	{
		"mid_ms":	1.3381029999948169,
		"avg_ms":	1.3402919499998234,
		"min_ms":	1.333088999984966,
		"max_ms":	1.3479760000052465
	},
	"PathAddSubPath":	{
		"mid_ms":	0.17290300002059666,
		"avg_ms":	0.17492468500137193,
		"min_ms":	0.17285299998093251,
		"max_ms":	0.18284099999732462
	},
	"PathArcOperations":	{
		"mid_ms":	5.8573585000090134,
		"avg_ms":	5.8614631700011444,
		"min_ms":	5.8232189999785078,
		"max_ms":	5.90329900001052
	},
	"PathBezierOperations":	{
		"mid_ms":	2.4973364999993919,
		"avg_ms":	2.49917634000127,
		"min_ms":	2.49002800001108,
		"max_ms":	2.51099700000168
	},
	"PathBoundingRect":	{
		"mid_ms":	5.6873415000069372,
		"avg_ms":	5.6954959499994118,
		"min_ms":	5.6787299999996321,
		"max_ms":	5.7115710000061881
	},
	"PathBuildingMoveLine":	{
		"mid_ms":	0.22226499999078442,
		"avg_ms":	0.22464267499955781,
		"min_ms":	0.22221399999011737,
		"max_ms":	0.23190200002431993
	},
	"PathClearOperations":	{
		"mid_ms":	3.96065850000582,
		"avg_ms":	3.9004707950007855,
		"min_ms":	3.8094309999792131,
		"max_ms":	3.9830150000170761
	},
	"PathClippingOperations":	{
		"mid_ms":	4.0083975000015926,
		"avg_ms":	4.0124516300005553,
		"min_ms":	3.9969310000174119,
		"max_ms":	4.0264049999905183
	},
	"PathComplexBuildingStress":	{
		"mid_ms":	5.4771595000175921,
		"avg_ms":	5.4844708800008846,
		"min_ms":	5.4673360000094817,
		"max_ms":	5.4992350000020451
	},
	"PathComplexClipping":	{
		"mid_ms":	0.16242300000612886,
		"avg_ms":	0.16448767499895212,
		"min_ms":	0.16237299999488641,
		"max_ms":	0.17243199999938952
	},
	"PathContainsManyPoints":	{
		"mid_ms":	41.603566999995678,
		"avg_ms":	41.311112344999835,
		"min_ms":	40.0008400000047,
		"max_ms":	41.999612000012121
	},
	"PathContainsTest":	{
		"mid_ms":	6.09907999999848,
		"avg_ms":	6.1046247500007667,
		"min_ms":	6.0873529999980747,
		"max_ms":	6.1245519999886255
	},
	"PathCreateCopy":	{
		"mid_ms":	0.22393349998139911,
		"avg_ms":	0.23238357499906215,
		"min_ms":	0.22385799999824485,
		"max_ms":	0.23485799999889423
	},
	"PathCreateDestroy":	{
		"mid_ms":	0.38658100000077411,
		"avg_ms":	0.397165574999292,
		"min_ms":	0.38576000000034583,
		"max_ms":	0.4066089999810174
	},
	"PathErrorHandling":	{
		"mid_ms":	1.2170819999965943,
		"avg_ms":	1.22141740999993,
		"min_ms":	1.2156199999822093,
		"max_ms":	1.2282729999810726
	},
	"PathLengthCalculation":	{
		"mid_ms":	32.655603499989638,
		"avg_ms":	32.209332940000053,
		"min_ms":	30.9441440000171,
		"max_ms":	32.7336049999758
	},
	"PathMemoryStress":	{
		"mid_ms":	0.69042350000358965,
		"avg_ms":	0.69262602499875925,
		"min_ms":	0.679878999989114,
		"max_ms":	0.70251099998586142
	},
	"PathQuadOperations":	{
		"mid_ms":	1.5934944999997924,
		"avg_ms":	1.5944728649998297,
		"min_ms":	1.5851990000044225,
		"max_ms":	1.6010880000010275
	},
	"PathQueryOperations":	{
		"mid_ms":	6.1585059999913483,
		"avg_ms":	6.1601743349996241,
		"min_ms":	6.1520229999985077,
		"max_ms":	6.1864979999768366
	},
	"PathReferenceOperations":	{
		"mid_ms":	0.87352999999268377,
		"avg_ms":	0.87528470999927777,
		"min_ms":	0.86604599999873244,
		"max_ms":	0.88306800000737
	},
	"PathStrokeContainsTest":	{
		"mid_ms":	16.802234000010685,
		"avg_ms":	16.830010010000361,
		"min_ms":	16.773500999988755,
		"max_ms":	16.886472999999569
	},
	"PathSubCloseOperations":	{
		"mid_ms":	0.45140299999957278,
		"avg_ms":	0.45555424999903948,
		"min_ms":	0.44753500000638269,
		"max_ms":	0.46075000000200816
	},
	"PathTangentArcOperations":	{
		"mid_ms":	1.34494549999431,
		"avg_ms":	1.3471455049997871,
		"min_ms":	1.3386389999823223,
		"max_ms":	1.356711999989102
	},
	"PathTransformStress":	{
		"mid_ms":	6.34737849999567,
		"avg_ms":	6.3878702900011319,
		"min_ms":	6.3377609999975,
		"max_ms":	6.6443629999923814
	},
	"PathVertexEnumeration":	{
		"mid_ms":	10.595418500003007,
		"avg_ms":	10.608912524999566,
		"min_ms":	10.581653000002689,
		"max_ms":	10.634452000005012
	},
	"PathVertexOperations":	{
		"mid_ms":	2.72951549999334,
		"avg_ms":	2.7332806400011123,
		"min_ms":	2.72232200001099,
		"max_ms":	2.7397540000038134
	}
}