{
	"Arc":	{
		"mid_ms":	3.17363099,
		"avg_ms":	3.17450855,
		"min_ms":	3.16873399,
		"max_ms":	3.194683,
		"std_dev":	0.00469226,
		"cv":	0.0014781,
		"iterations":	201,
		"total_time_ms":	2113.717443
	},
	"ArcFullCircle":	{
		"mid_ms":	0.43739749,
		"avg_ms":	0.44015814,
		"min_ms":	0.43284099,
		"max_ms":	0.44878499,
		"std_dev":	0.00567778,
		"cv":	0.01289941,
		"iterations":	500,
		"total_time_ms":	3696.214609
	},
	"ArcVariousAngles":	{
		"mid_ms":	2.34739399,
		"avg_ms":	2.34838299,
		"min_ms":	2.34129,
		"max_ms":	2.357865,
		"std_dev":	0.00454737,
		"cv":	0.00193638,
		"iterations":	244,
		"total_time_ms":	2330.54560598
	},
	"BezierCurveTo":	{
		"mid_ms":	5.4118455,
		"avg_ms":	5.416571,
		"min_ms":	5.382241,
		"max_ms":	5.47025299,
		"std_dev":	0.02077425,
		"cv":	0.00383531,
		"iterations":	150,
		"total_time_ms":	1967.40371999
	},
	"ClosePath":	{
		"mid_ms":	0.55359698,
		"avg_ms":	0.55125884,
		"min_ms":	0.54230599,
		"max_ms":	0.55888998,
		"std_dev":	0.00573989,
		"cv":	0.01041234,
		"iterations":	494,
		"total_time_ms":	3725.00694699
	},
	"ComplexPath":	{
		"mid_ms":	2.62266199,
		"avg_ms":	2.62372893,
		"min_ms":	2.61171599,
		"max_ms":	2.65443999,
		"std_dev":	0.0084209,
		"cv":	0.00320951,
		"iterations":	229,
		"total_time_ms":	2262.55958899
	},
	"Ellipse":	{
		"mid_ms":	5.302491,
		"avg_ms":	5.30472091,
		"min_ms":	5.28798898,
		"max_ms":	5.347178,
		"std_dev":	0.01276361,
		"cv":	0.00240608,
		"iterations":	131,
		"total_time_ms":	1716.24262099
	},
	"EllipseVariousSizes":	{
		"mid_ms":	4.84595449,
		"avg_ms":	4.84870496,
		"min_ms":	4.836671,
		"max_ms":	4.886677,
		"std_dev":	0.01038924,
		"cv":	0.00214268,
		"iterations":	140,
		"total_time_ms":	1756.711209
	},
	"LineTo":	{
		"mid_ms":	0.568345,
		"avg_ms":	0.56498436,
		"min_ms":	0.55664698,
		"max_ms":	0.57368299,
		"std_dev":	0.00587431,
		"cv":	0.0103973,
		"iterations":	495,
		"total_time_ms":	3732.543083
	},
	"MultipleSubPaths":	{
		"mid_ms":	0.681755,
		"avg_ms":	0.68324162,
		"min_ms":	0.66874599,
		"max_ms":	0.695326,
		"std_dev":	0.00670618,
		"cv":	0.00981523,
		"iterations":	462,
		"total_time_ms":	3536.075842
	},
	"NewPathMoveTo":	{
		"mid_ms":	0.173005,
		"avg_ms":	0.17508408,
		"min_ms":	0.17186799,
		"max_ms":	0.18518899,
		"std_dev":	0.00406184,
		"cv":	0.02319942,
		"iterations":	500,
		"total_time_ms":	3562.63509499
	},
	"NewSubPath":	{
		"mid_ms":	0.4627505,
		"avg_ms":	0.46394051,
		"min_ms":	0.45707699,
		"max_ms":	0.47180899,
		"std_dev":	0.00583671,
		"cv":	0.01258073,
		"iterations":	500,
		"total_time_ms":	3702.878282
	},
	"Polygon":	{
		"mid_ms":	1.24441549,
		"avg_ms":	1.24563187,
		"min_ms":	1.23909299,
		"max_ms":	1.2575,
		"std_dev":	0.0047697,
		"cv":	0.00382914,
		"iterations":	336,
		"total_time_ms":	2790.23111899
	},
	"Polyline":	{
		"mid_ms":	1.34878799,
		"avg_ms":	1.34938752,
		"min_ms":	1.34355,
		"max_ms":	1.35903299,
		"std_dev":	0.00418233,
		"cv":	0.00309944,
		"iterations":	333,
		"total_time_ms":	2801.157743
	},
	"QuadCurveTo":	{
		"mid_ms":	3.31224499,
		"avg_ms":	3.31367967,
		"min_ms":	3.304809,
		"max_ms":	3.33450299,
		"std_dev":	0.00675312,
		"cv":	0.00203795,
		"iterations":	208,
		"total_time_ms":	2213.24751499
	},
	"Rectangle":	{
		"mid_ms":	0.74010299,
		"avg_ms":	0.74271388,
		"min_ms":	0.727023,
		"max_ms":	0.753763,
		"std_dev":	0.0068172,
		"cv":	0.00917874,
		"iterations":	446,
		"total_time_ms":	3442.621007
	},
	"RoundedRect":	{
		"mid_ms":	4.78346099,
		"avg_ms":	4.78499101,
		"min_ms":	4.770301,
		"max_ms":	4.812595,
		"std_dev":	0.01021029,
		"cv":	0.00213381,
		"iterations":	157,
		"total_time_ms":	1946.58232999
	},
	"SmoothCurvePath":	{
		"mid_ms":	11.053527,
		"avg_ms":	11.06168599,
		"min_ms":	11.037964,
		"max_ms":	11.11312699,
		"std_dev":	0.0207575,
		"cv":	0.00187652,
		"iterations":	81,
		"total_time_ms":	1544.728754
	},
	"StarShape":	{
		"mid_ms":	0.9287865,
		"avg_ms":	0.93026607,
		"min_ms":	0.92192599,
		"max_ms":	0.95250199,
		"std_dev":	0.00608206,
		"cv":	0.00653798,
		"iterations":	386,
		"total_time_ms":	3065.13696499
	},
	"TangentArc":	{
		"mid_ms":	6.55410199,
		"avg_ms":	6.55692201,
		"min_ms":	6.50994599,
		"max_ms":	6.62087299,
		"std_dev":	0.02879854,
		"cv":	0.00439206,
		"iterations":	131,
		"total_time_ms":	1893.480731
	}
}