{
    "PatternCreateAllWrapModes": {
        "mid_ms": 0.53266698,
        "avg_ms": 0.54127276,
        "min_ms": 0.52298299,
        "max_ms": 0.545375
    },
    "PatternCreateDestroy": {
        "mid_ms": 0.26664599,
        "avg_ms": 0.26957819,
        "min_ms": 0.263255,
        "max_ms": 0.27727099
    },
    "PatternCreateWithTransform": {
        "mid_ms": 0.12975399,
        "avg_ms": 0.13167488,
        "min_ms": 0.12971399,
        "max_ms": 0.140183
    },
    "PatternDifferentImageFormats": {
        "mid_ms": 2.149748,
        "avg_ms": 2.15692176,
        "min_ms": 2.14790399,
        "max_ms": 2.166418
    },
    "PatternDifferentImageSources": {
        "mid_ms": 0.26393699,
        "avg_ms": 0.26544435,
        "min_ms": 0.260821,
        "max_ms": 0.27373599
    },
    "PatternErrorHandling": {
        "mid_ms": 0.19433599,
        "avg_ms": 0.19657245,
        "min_ms": 0.19425599,
        "max_ms": 0.20408399
    },
    "PatternLargeImages": {
        "mid_ms": 0.02637,
        "avg_ms": 0.0265625,
        "min_ms": 0.02633899,
        "max_ms": 0.02645999
    },
    "PatternReferenceOperations": {
        "mid_ms": 0.87302149,
        "avg_ms": 0.87282234,
        "min_ms": 0.863363,
        "max_ms": 0.87506499
    },
    "PatternStressTest": {
        "mid_ms": 0.96439,
        "avg_ms": 0.95704061,
        "min_ms": 0.933758,
        "max_ms": 0.96665999
    },
    "PatternTransformOperations": {
        "mid_ms": 0.75028099,
        "avg_ms": 0.74895771,
        "min_ms": 0.74065199,
        "max_ms": 0.752174
    }
}