{
    "PatternCreateAllWrapModes": {
        "mid_ms": 0.53164999,
        "avg_ms": 0.66723643,
        "min_ms": 0.521402,
        "max_ms": 0.95562
    },
    "PatternCreateDestroy": {
        "mid_ms": 0.26413199,
        "avg_ms": 0.27610617,
        "min_ms": 0.26299,
        "max_ms": 0.28049299
    },
    "PatternCreateWithTransform": {
        "mid_ms": 0.128269,
        "avg_ms": 0.13053424,
        "min_ms": 0.128159,
        "max_ms": 0.13822699
    },
    "PatternDifferentImageFormats": {
        "mid_ms": 2.12636748,
        "avg_ms": 2.13614726,
        "min_ms": 2.12394899,
        "max_ms": 2.14671099
    },
    "PatternDifferentImageSources": {
        "mid_ms": 0.2609965,
        "avg_ms": 0.26470591,
        "min_ms": 0.260846,
        "max_ms": 0.27265799
    },
    "PatternErrorHandling": {
        "mid_ms": 0.19433599,
        "avg_ms": 0.19657245,
        "min_ms": 0.19425599,
        "max_ms": 0.20408399
    },
    "PatternLargeImages": {
        "mid_ms": 0.02637,
        "avg_ms": 0.0265625,
        "min_ms": 0.02633899,
        "max_ms": 0.02645999
    },
    "PatternReferenceOperations": {
        "mid_ms": 0.87302149,
        "avg_ms": 0.87282234,
        "min_ms": 0.863363,
        "max_ms": 0.87506499
    },
    "PatternStressTest": {
        "mid_ms": 0.93686949,
        "avg_ms": 0.9405551,
        "min_ms": 0.93458499,
        "max_ms": 0.94782799
    },
    "PatternTransformOperations": {
        "mid_ms": 0.7201465,
        "avg_ms": 0.71996001,
        "min_ms": 0.70988199,
        "max_ms": 0.722836
    }
}