{
    "PatternCreateAllWrapModes": {
        "mid_ms": 0.53266698,
        "avg_ms": 0.54127276,
        "min_ms": 0.52298299,
        "max_ms": 0.545375
    },
    "PatternCreateDestroy": {
        "mid_ms": 0.26664599,
        "avg_ms": 0.26957819,
        "min_ms": 0.263255,
        "max_ms": 0.27727099
    },
    "PatternCreateWithTransform": {
        "mid_ms": 0.12975399,
        "avg_ms": 0.13167488,
        "min_ms": 0.12971399,
        "max_ms": 0.140183
    },
    "PatternDifferentImageFormats": {
        "mid_ms": 2.12636748,
        "avg_ms": 2.13614726,
        "min_ms": 2.12394899,
        "max_ms": 2.14671099
    },
    "PatternDifferentImageSources": {
        "mid_ms": 0.26125499,
        "avg_ms": 0.26568707,
        "min_ms": 0.26095997,
        "max_ms": 0.27388399
    },
    "PatternErrorHandling": {
        "mid_ms": 0.19433599,
        "avg_ms": 0.19657245,
        "min_ms": 0.19425599,
        "max_ms": 0.20408399
    },
    "PatternLargeImages": {
        "mid_ms": 0.02637,
        "avg_ms": 0.0265625,
        "min_ms": 0.02633899,
        "max_ms": 0.02645999
    },
    "PatternReferenceOperations": {
        "mid_ms": 0.87302149,
        "avg_ms": 0.87282234,
        "min_ms": 0.863363,
        "max_ms": 0.87506499
    },
    "PatternStressTest": {
        "mid_ms": 0.93686949,
        "avg_ms": 0.9405551,
        "min_ms": 0.93458499,
        "max_ms": 0.94782799
    },
    "PatternTransformOperations": {
        "mid_ms": 0.75028099,
        "avg_ms": 0.74895771,
        "min_ms": 0.74065199,
        "max_ms": 0.752174
    }
}