{
	"CreateRenderList":	{
		"mid_ms":	5.299977,
		"avg_ms":	5.3020011,
		"min_ms":	5.251574,
		"max_ms":	5.353408,
		"std_dev":	0.02435827,
		"cv":	0.00459416,
		"iterations":	147,
		"total_time_ms":	1925.57578299
	},
	"LoadComplexSvg":	{
		"mid_ms":	53.61233249,
		"avg_ms":	53.72185143,
		"min_ms":	53.443363,
		"max_ms":	54.29757699,
		"std_dev":	0.26491495,
		"cv":	0.00493123,
		"iterations":	20,
		"total_time_ms":	1536.730899
	}
}