{
    "CreateRenderList": {
        "mid_ms": 5.08702449,
        "avg_ms": 5.0949168,
        "min_ms": 5.063245,
        "max_ms": 5.11676499
    },
    "LoadComplexSvg": {
        "mid_ms": 62.79048349,
        "avg_ms": 63.02219537,
        "min_ms": 62.50749199,
        "max_ms": 63.41917699
    }
}